level,group,threshold,n_variants,n_predicted_artifact,artifact_fraction,median_rep_error_probability,mean_rep_error_probability
overall,all,0.75,53164,30177,0.567621,0.881978,0.631627
sample,TCGA-02-0003-01A-01D-1490-08,0.75,47,12,0.255319,0.278309,0.406652
sample,TCGA-02-0033-01A-01D-1490-08,0.75,33,28,0.848485,0.990748,0.853191
sample,TCGA-02-0047-01A-01D-1490-08,0.75,64,46,0.71875,0.934598,0.768935
sample,TCGA-02-0055-01A-01D-1490-08,0.75,53,37,0.698113,0.943496,0.709598
sample,TCGA-02-2466-01A-01W-0837-08,0.75,85,47,0.552941,0.861809,0.575668
sample,TCGA-02-2470-01A-01D-1494-08,0.75,57,45,0.789474,0.985506,0.780413
sample,TCGA-02-2470-01A-01W-0837-08,0.75,81,58,0.716049,0.965657,0.762985
sample,TCGA-02-2483-01A-01D-1494-08,0.75,49,26,0.530612,0.778633,0.650053
sample,TCGA-02-2485-01A-01D-1494-08,0.75,55,21,0.381818,0.449216,0.502672
sample,TCGA-02-2485-01A-01W-0837-08,0.75,60,24,0.4,0.632941,0.535919
sample,TCGA-02-2486-01A-01D-1494-08,0.75,59,38,0.644068,0.88822,0.714288
sample,TCGA-02-2486-01A-01W-0837-08,0.75,69,42,0.608696,0.860575,0.696088
sample,TCGA-06-0119-01A-08D-1490-08,0.75,69,55,0.797101,0.976856,0.812799
sample,TCGA-06-0122-01A-01D-1490-08,0.75,84,56,0.666667,0.924574,0.735724
sample,TCGA-06-0124-01A-01D-1490-08,0.75,62,56,0.903226,0.97078,0.862231
sample,TCGA-06-0125-01A-01D-1490-08,0.75,62,28,0.451613,0.524751,0.545731
sample,TCGA-06-0125-02A-11D-2280-08,0.75,78,67,0.858974,0.975626,0.853714
sample,TCGA-06-0126-01A-01D-1490-08,0.75,55,28,0.509091,0.764722,0.660763
sample,TCGA-06-0128-01A-01D-1490-08,0.75,51,29,0.568627,0.861239,0.662786
sample,TCGA-06-0129-01A-01D-1490-08,0.75,35,21,0.6,0.940519,0.630398
sample,TCGA-06-0130-01A-01D-1490-08,0.75,27,24,0.888889,0.986568,0.884981
sample,TCGA-06-0132-01A-02D-1491-08,0.75,23,22,0.956522,0.989523,0.954362
sample,TCGA-06-0137-01A-01D-1490-08,0.75,77,25,0.324675,0.430485,0.465917
sample,TCGA-06-0139-01A-01D-1490-08,0.75,3,2,0.666667,0.874468,0.602435
sample,TCGA-06-0140-01A-01D-1490-08,0.75,38,27,0.710526,0.974356,0.740454
sample,TCGA-06-0141-01A-01D-1490-08,0.75,15,13,0.866667,0.934996,0.863479
sample,TCGA-06-0145-01A-01D-1490-08,0.75,91,34,0.373626,0.569762,0.541634
sample,TCGA-06-0145-01A-01W-0224-08,0.75,107,59,0.551402,0.824881,0.597995
sample,TCGA-06-0151-01A-01D-1491-08,0.75,17,15,0.882353,0.970819,0.842057
sample,TCGA-06-0152-01A-02D-1492-08,0.75,54,31,0.574074,0.849152,0.653765
sample,TCGA-06-0152-01A-02W-0323-08,0.75,45,20,0.444444,0.600597,0.547957
sample,TCGA-06-0152-02A-01D-2280-08,0.75,63,38,0.603175,0.870617,0.644576
sample,TCGA-06-0154-01A-03D-1491-08,0.75,56,41,0.732143,0.921765,0.73149
sample,TCGA-06-0155-01B-01D-1492-08,0.75,70,34,0.485714,0.738152,0.651054
sample,TCGA-06-0157-01A-01D-1491-08,0.75,51,23,0.45098,0.695777,0.576017
sample,TCGA-06-0158-01A-01D-1491-08,0.75,54,31,0.574074,0.840344,0.693607
sample,TCGA-06-0166-01A-01D-1491-08,0.75,40,31,0.775,0.961028,0.754964
sample,TCGA-06-0168-01A-01D-1491-08,0.75,42,33,0.785714,0.932803,0.763763
sample,TCGA-06-0169-01A-01D-1490-08,0.75,48,45,0.9375,0.983781,0.93472
sample,TCGA-06-0171-01A-02D-1491-08,0.75,47,40,0.851064,0.961585,0.843403
sample,TCGA-06-0171-02A-11D-2280-08,0.75,34,29,0.852941,0.960329,0.811757
sample,TCGA-06-0173-01A-01D-1491-08,0.75,77,38,0.493506,0.73196,0.617353
sample,TCGA-06-0174-01A-01D-1491-08,0.75,69,19,0.275362,0.279812,0.408555
sample,TCGA-06-0184-01A-01D-1491-08,0.75,55,42,0.763636,0.971172,0.803827
sample,TCGA-06-0185-01A-01D-1491-08,0.75,62,36,0.580645,0.853374,0.659784
sample,TCGA-06-0185-01A-01W-0254-08,0.75,15,6,0.4,3e-06,0.377414
sample,TCGA-06-0187-01A-01D-1491-08,0.75,42,12,0.285714,0.394254,0.460963
sample,TCGA-06-0188-01A-01D-1491-08,0.75,52,27,0.519231,0.828379,0.589611
sample,TCGA-06-0188-01A-01W-0254-08,0.75,15,1,0.066667,8.1e-05,0.19693
sample,TCGA-06-0189-01A-01D-1491-08,0.75,16,14,0.875,0.927206,0.829495
sample,TCGA-06-0190-01A-01D-1491-08,0.75,57,49,0.859649,0.976074,0.847783
sample,TCGA-06-0190-02A-01D-2280-08,0.75,99,67,0.676768,0.92156,0.709072
sample,TCGA-06-0192-01B-01D-1492-08,0.75,69,51,0.73913,0.966262,0.757701
sample,TCGA-06-0195-01B-01D-1491-08,0.75,69,25,0.362319,0.50707,0.491134
sample,TCGA-06-0209-01A-01D-1491-08,0.75,73,61,0.835616,0.984816,0.83678
sample,TCGA-06-0210-01B-01D-1491-08,0.75,60,55,0.916667,0.991206,0.917913
sample,TCGA-06-0210-02A-01D-2280-08,0.75,67,46,0.686567,0.91153,0.723307
sample,TCGA-06-0211-01B-01D-1491-08,0.75,60,22,0.366667,0.565204,0.526096
sample,TCGA-06-0211-02A-02D-2280-08,0.75,53,34,0.641509,0.903465,0.671117
sample,TCGA-06-0213-01A-01D-1491-08,0.75,63,52,0.825397,0.966331,0.828904
sample,TCGA-06-0214-01A-02D-1491-08,0.75,70,61,0.871429,0.94226,0.86424
sample,TCGA-06-0216-01B-01D-1492-08,0.75,62,20,0.322581,0.30226,0.413694
sample,TCGA-06-0219-01A-01D-1491-08,0.75,40,31,0.775,0.944049,0.795034
sample,TCGA-06-0221-01A-01D-1491-08,0.75,29,13,0.448276,0.705219,0.583271
sample,TCGA-06-0221-02A-11D-2280-08,0.75,45,19,0.422222,0.458327,0.491366
sample,TCGA-06-0237-01A-02D-1491-08,0.75,38,9,0.236842,0.418295,0.430989
sample,TCGA-06-0238-01A-02D-1492-08,0.75,40,21,0.525,0.790325,0.670094
sample,TCGA-06-0240-01A-03D-1491-08,0.75,1,0,0.0,0.027137,0.027137
sample,TCGA-06-0241-01A-02D-1491-08,0.75,59,9,0.152542,0.276725,0.389852
sample,TCGA-06-0644-01A-02D-1492-08,0.75,58,45,0.775862,0.961979,0.775278
sample,TCGA-06-0645-01A-01D-1492-08,0.75,57,45,0.789474,0.964962,0.796208
sample,TCGA-06-0646-01A-01D-1492-08,0.75,33,16,0.484848,0.667767,0.541013
sample,TCGA-06-0648-01A-01D-1492-08,0.75,59,19,0.322034,0.451836,0.480698
sample,TCGA-06-0648-01A-01W-0323-08,0.75,50,14,0.28,0.360238,0.43757
sample,TCGA-06-0649-01B-01D-1492-08,0.75,94,71,0.755319,0.962866,0.776673
sample,TCGA-06-0649-01B-01W-0348-08,0.75,90,57,0.633333,0.904711,0.693227
sample,TCGA-06-0650-01A-02D-1696-08,0.75,38,32,0.842105,0.978355,0.855892
sample,TCGA-06-0686-01A-01D-1492-08,0.75,64,24,0.375,0.370865,0.478605
sample,TCGA-06-0686-01A-01W-0348-08,0.75,65,30,0.461538,0.661591,0.578502
sample,TCGA-06-0743-01A-01D-1492-08,0.75,94,51,0.542553,0.84492,0.630758
sample,TCGA-06-0744-01A-01D-1492-08,0.75,74,17,0.22973,0.283569,0.362299
sample,TCGA-06-0744-01A-01W-0348-08,0.75,75,22,0.293333,0.327983,0.417695
sample,TCGA-06-0745-01A-01D-1492-08,0.75,54,20,0.37037,0.308571,0.448414
sample,TCGA-06-0745-01A-01W-0348-08,0.75,53,22,0.415094,0.509843,0.498309
sample,TCGA-06-0747-01A-01D-1492-08,0.75,72,21,0.291667,0.310802,0.401948
sample,TCGA-06-0747-01A-01W-0348-08,0.75,62,19,0.306452,0.278182,0.415613
sample,TCGA-06-0749-01A-01D-1492-08,0.75,50,44,0.88,0.975775,0.865928
sample,TCGA-06-0749-01A-01W-0348-08,0.75,66,54,0.818182,0.948883,0.812875
sample,TCGA-06-0750-01A-01D-1492-08,0.75,43,33,0.767442,0.937873,0.821291
sample,TCGA-06-0875-01A-01D-1492-08,0.75,66,31,0.469697,0.730045,0.580554
sample,TCGA-06-0875-01A-01W-0424-08,0.75,56,26,0.464286,0.533973,0.508593
sample,TCGA-06-0876-01A-01D-1492-08,0.75,66,41,0.621212,0.874414,0.707828
sample,TCGA-06-0876-01A-01W-0424-08,0.75,62,24,0.387097,0.620613,0.528789
sample,TCGA-06-0877-01A-01D-1492-08,0.75,72,48,0.666667,0.923073,0.73007
sample,TCGA-06-0877-01A-01W-0424-08,0.75,88,55,0.625,0.854523,0.681468
sample,TCGA-06-0878-01A-01D-1492-08,0.75,45,29,0.644444,0.867652,0.690326
sample,TCGA-06-0878-01A-01W-0424-08,0.75,46,27,0.586957,0.833639,0.629563
sample,TCGA-06-0879-01A-01D-1492-08,0.75,60,39,0.65,0.878668,0.744888
sample,TCGA-06-0879-01A-01W-0424-08,0.75,62,36,0.580645,0.831048,0.659804
sample,TCGA-06-0881-01A-02D-1492-08,0.75,13,8,0.615385,0.862575,0.644682
sample,TCGA-06-0881-01A-02W-0424-08,0.75,93,68,0.731183,0.90302,0.774261
sample,TCGA-06-0882-01A-01D-1492-08,0.75,36,28,0.777778,0.979998,0.793551
sample,TCGA-06-0882-01A-01W-0424-08,0.75,44,31,0.704545,0.966523,0.750919
sample,TCGA-06-0939-01A-01D-1353-08,0.75,69,60,0.869565,0.966373,0.852595
sample,TCGA-06-1084-01A-01W-0611-08,0.75,82,53,0.646341,0.956651,0.731683
sample,TCGA-06-1087-01A-02W-0611-08,0.75,60,27,0.45,0.647694,0.515482
sample,TCGA-06-1800-01A-01W-0643-08,0.75,69,40,0.57971,0.824124,0.631458
sample,TCGA-06-1804-01A-01D-1696-08,0.75,85,33,0.388235,0.567988,0.552017
sample,TCGA-06-1806-01A-02D-1845-08,0.75,20,15,0.75,0.966791,0.742823
sample,TCGA-06-2557-01A-01D-1494-08,0.75,49,31,0.632653,0.930777,0.694913
sample,TCGA-06-2558-01A-01D-1494-08,0.75,77,40,0.519481,0.794038,0.617131
sample,TCGA-06-2558-01A-01W-0837-08,0.75,99,51,0.515152,0.787156,0.587441
sample,TCGA-06-2559-01A-01D-1494-08,0.75,59,17,0.288136,0.425261,0.457213
sample,TCGA-06-2559-01A-01W-0837-08,0.75,62,21,0.33871,0.388328,0.478009
sample,TCGA-06-2561-01A-02D-1494-08,0.75,30,22,0.733333,0.969376,0.725306
sample,TCGA-06-2561-01A-02W-0837-08,0.75,55,35,0.636364,0.862767,0.691831
sample,TCGA-06-2562-01A-01D-1494-08,0.75,60,37,0.616667,0.874079,0.690945
sample,TCGA-06-2562-01A-01W-0837-08,0.75,85,58,0.682353,0.915711,0.682366
sample,TCGA-06-2563-01A-01D-1494-08,0.75,75,27,0.36,0.560722,0.51839
sample,TCGA-06-2563-01A-01W-0837-08,0.75,87,43,0.494253,0.749601,0.579192
sample,TCGA-06-2564-01A-01D-1494-08,0.75,61,36,0.590164,0.854098,0.697054
sample,TCGA-06-2565-01A-01D-1494-08,0.75,49,12,0.244898,0.292739,0.413867
sample,TCGA-06-2567-01A-01D-1494-08,0.75,60,33,0.55,0.777873,0.669971
sample,TCGA-06-2567-01A-01W-0837-08,0.75,79,48,0.607595,0.893114,0.6736
sample,TCGA-06-2569-01A-01D-1494-08,0.75,28,14,0.5,0.760389,0.579625
sample,TCGA-06-2569-01A-01W-0837-08,0.75,30,16,0.533333,0.872463,0.571877
sample,TCGA-06-2570-01A-01D-1495-08,0.75,31,8,0.258065,0.204234,0.361962
sample,TCGA-06-5408-01A-01D-1696-08,0.75,44,18,0.409091,0.59993,0.495433
sample,TCGA-06-5410-01A-01D-1696-08,0.75,20,13,0.65,0.912245,0.701701
sample,TCGA-06-5411-01A-01D-1696-08,0.75,35,24,0.685714,0.961892,0.717792
sample,TCGA-06-5412-01A-01D-1696-08,0.75,51,45,0.882353,0.976841,0.871358
sample,TCGA-06-5413-01A-01D-1696-08,0.75,48,29,0.604167,0.903064,0.674487
sample,TCGA-06-5414-01A-01D-1486-08,0.75,31,21,0.677419,0.882652,0.708569
sample,TCGA-06-5415-01A-01D-1486-08,0.75,48,23,0.479167,0.628643,0.539735
sample,TCGA-06-5416-01A-01D-1486-08,0.75,15171,9517,0.627315,0.970634,0.687791
sample,TCGA-06-5417-01A-01D-1486-08,0.75,54,13,0.240741,0.121671,0.311719
sample,TCGA-06-5418-01A-01D-1486-08,0.75,37,25,0.675676,0.885295,0.708575
sample,TCGA-06-5856-01A-01D-1696-08,0.75,56,26,0.464286,0.656918,0.533674
sample,TCGA-06-5858-01A-01D-1696-08,0.75,196,30,0.153061,0.0,0.194557
sample,TCGA-06-5859-01A-01D-1696-08,0.75,46,16,0.347826,0.586453,0.51231
sample,TCGA-06-6388-01A-12D-1845-08,0.75,49,25,0.510204,0.804711,0.581002
sample,TCGA-06-6389-01A-11D-1696-08,0.75,41,26,0.634146,0.920492,0.673845
sample,TCGA-06-6390-01A-11D-1696-08,0.75,44,34,0.772727,0.978345,0.786436
sample,TCGA-06-6391-01A-11D-1696-08,0.75,71,61,0.859155,0.989615,0.867004
sample,TCGA-06-6693-01A-11D-1845-08,0.75,54,11,0.203704,0.047665,0.311242
sample,TCGA-06-6694-01A-12D-1845-08,0.75,99,41,0.414141,0.50764,0.493056
sample,TCGA-06-6695-01A-11D-1845-08,0.75,51,20,0.392157,0.436637,0.465125
sample,TCGA-06-6697-01A-11D-1845-08,0.75,66,55,0.833333,0.982622,0.872369
sample,TCGA-06-6698-01A-11D-1845-08,0.75,36,13,0.361111,0.00084,0.402359
sample,TCGA-06-6699-01A-11D-1845-08,0.75,67,19,0.283582,0.25535,0.38756
sample,TCGA-06-6700-01A-12D-1845-08,0.75,52,38,0.730769,0.989079,0.781141
sample,TCGA-06-6701-01A-11D-1845-08,0.75,32,16,0.5,0.718154,0.577349
sample,TCGA-06-A5U0-01A-11D-A33T-08,0.75,32,6,0.1875,0.001242,0.264161
sample,TCGA-06-A5U1-01A-11D-A33T-08,0.75,78,53,0.679487,0.904916,0.717265
sample,TCGA-06-A6S0-01A-11D-A33T-08,0.75,61,18,0.295082,0.263988,0.405635
sample,TCGA-06-A6S1-01A-11D-A33T-08,0.75,43,32,0.744186,0.964985,0.780872
sample,TCGA-06-A7TK-01A-21D-A391-08,0.75,59,31,0.525424,0.83732,0.636611
sample,TCGA-06-A7TL-01A-11D-A391-08,0.75,27,11,0.407407,0.437109,0.472667
sample,TCGA-08-0386-01A-01D-1492-08,0.75,15,10,0.666667,0.88227,0.649152
sample,TCGA-12-0615-01A-01D-1492-08,0.75,61,17,0.278689,0.439069,0.455125
sample,TCGA-12-0616-01A-01D-1492-08,0.75,39,15,0.384615,0.660193,0.514508
sample,TCGA-12-0618-01A-01D-1492-08,0.75,37,6,0.162162,0.19784,0.32932
sample,TCGA-12-0619-01A-01D-1492-08,0.75,53,24,0.45283,0.671903,0.559605
sample,TCGA-12-0656-01A-03W-0348-08,0.75,50,26,0.52,0.823283,0.664039
sample,TCGA-12-0657-01A-01W-0348-08,0.75,63,27,0.428571,0.641703,0.55114
sample,TCGA-12-0662-01A-01W-0348-08,0.75,30,19,0.633333,0.927785,0.672298
sample,TCGA-12-0670-01B-01W-0424-08,0.75,59,18,0.305085,0.387719,0.460948
sample,TCGA-12-0688-01A-02D-1492-08,0.75,55,27,0.490909,0.725285,0.668428
sample,TCGA-12-0691-01A-01W-0348-08,0.75,62,25,0.403226,0.631916,0.523485
sample,TCGA-12-0692-01A-01D-1492-08,0.75,64,19,0.296875,0.38657,0.44854
sample,TCGA-12-0692-01A-01W-0348-08,0.75,84,40,0.47619,0.735958,0.54252
sample,TCGA-12-0707-01A-01W-0348-08,0.75,73,39,0.534247,0.797835,0.577935
sample,TCGA-12-0773-01A-01W-0348-08,0.75,42,20,0.47619,0.599817,0.506886
sample,TCGA-12-0775-01A-01W-0348-08,0.75,112,76,0.678571,0.898855,0.743115
sample,TCGA-12-0818-01A-01W-0424-08,0.75,68,39,0.573529,0.848122,0.650611
sample,TCGA-12-0819-01A-01W-0424-08,0.75,49,34,0.693878,0.898957,0.723014
sample,TCGA-12-0820-01A-01W-0424-08,0.75,55,30,0.545455,0.841979,0.663452
sample,TCGA-12-0821-01A-01D-1492-08,0.75,60,16,0.266667,0.305193,0.404109
sample,TCGA-12-0821-01A-01W-0424-08,0.75,58,22,0.37931,0.550666,0.490425
sample,TCGA-12-0826-01A-01W-0424-08,0.75,48,33,0.6875,0.957017,0.71966
sample,TCGA-12-0827-01A-01W-0424-08,0.75,30,24,0.8,0.907412,0.7889
sample,TCGA-12-0829-01A-01W-0424-08,0.75,152,89,0.585526,0.907409,0.639444
sample,TCGA-12-1088-01A-01W-0611-08,0.75,60,34,0.566667,0.8035,0.649147
sample,TCGA-12-1089-01A-01W-0611-08,0.75,72,44,0.611111,0.849581,0.666962
sample,TCGA-12-1092-01B-01W-0611-08,0.75,48,37,0.770833,0.967483,0.780275
sample,TCGA-12-1093-01A-01W-0611-08,0.75,66,52,0.787879,0.946911,0.824713
sample,TCGA-12-1597-01B-01D-1495-08,0.75,59,31,0.525424,0.773498,0.617684
sample,TCGA-12-1597-01B-01W-0922-08,0.75,63,27,0.428571,0.638989,0.572743
sample,TCGA-12-1598-01A-01W-0643-08,0.75,57,23,0.403509,0.506367,0.503098
sample,TCGA-12-1599-01A-01W-0643-08,0.75,43,28,0.651163,0.883505,0.694212
sample,TCGA-12-1600-01A-01W-0643-08,0.75,66,17,0.257576,0.430838,0.416225
sample,TCGA-12-1602-01A-01W-0643-08,0.75,46,16,0.347826,0.439382,0.450717
sample,TCGA-12-3644-01A-01W-0922-08,0.75,96,44,0.458333,0.69747,0.564456
sample,TCGA-12-3646-01A-01W-0922-08,0.75,78,24,0.307692,0.242831,0.387847
sample,TCGA-12-3648-01A-01W-0922-08,0.75,52,13,0.25,0.159886,0.348206
sample,TCGA-12-3649-01A-01D-1495-08,0.75,84,44,0.52381,0.808464,0.612188
sample,TCGA-12-3649-01A-01W-0922-08,0.75,94,46,0.489362,0.715514,0.53912
sample,TCGA-12-3650-01A-01D-1495-08,0.75,52,19,0.365385,0.50779,0.512665
sample,TCGA-12-3650-01A-01W-0922-08,0.75,53,16,0.301887,0.57809,0.492151
sample,TCGA-12-3651-01A-01W-0922-08,0.75,97,76,0.783505,0.970184,0.789368
sample,TCGA-12-3652-01A-01D-1495-08,0.75,64,21,0.328125,0.383982,0.462265
sample,TCGA-12-3652-01A-01W-0922-08,0.75,64,15,0.234375,0.307336,0.388334
sample,TCGA-12-3653-01A-01D-1495-08,0.75,27,13,0.481481,0.587263,0.52553
sample,TCGA-12-3653-01A-01W-0922-08,0.75,28,10,0.357143,0.240156,0.425455
sample,TCGA-12-5295-01A-01D-1486-08,0.75,73,39,0.534247,0.810503,0.633047
sample,TCGA-12-5299-01A-02D-1486-08,0.75,33,9,0.272727,0.325127,0.412647
sample,TCGA-12-5301-01A-01D-1486-08,0.75,65,18,0.276923,0.467209,0.463622
sample,TCGA-14-0736-01A-01D-2280-08,0.75,63,46,0.730159,0.943061,0.750957
sample,TCGA-14-0736-02A-01D-2280-08,0.75,42,32,0.761905,0.976177,0.790886
sample,TCGA-14-0740-01B-01D-1845-08,0.75,50,27,0.54,0.875694,0.549961
sample,TCGA-14-0781-01B-01D-1696-08,0.75,25,21,0.84,0.967995,0.805189
sample,TCGA-14-0786-01B-01D-1492-08,0.75,36,11,0.305556,0.463837,0.45891
sample,TCGA-14-0787-01A-01D-1492-08,0.75,34,15,0.441176,0.482836,0.535026
sample,TCGA-14-0789-01A-01D-1492-08,0.75,70,63,0.9,0.985837,0.895278
sample,TCGA-14-0789-01A-01W-0424-08,0.75,72,55,0.763889,0.948243,0.770603
sample,TCGA-14-0790-01B-01D-1494-08,0.75,63,13,0.206349,0.233329,0.36646
sample,TCGA-14-0790-01B-01W-0837-08,0.75,64,13,0.203125,0.343722,0.384224
sample,TCGA-14-0812-01B-01W-0643-08,0.75,50,33,0.66,0.959961,0.657118
sample,TCGA-14-0813-01A-01D-1492-08,0.75,100,58,0.58,0.861125,0.647794
sample,TCGA-14-0817-01A-01D-1492-08,0.75,66,27,0.409091,0.602726,0.542142
sample,TCGA-14-0862-01B-01D-1845-08,0.75,44,27,0.613636,0.865783,0.656633
sample,TCGA-14-0865-01B-01W-0643-08,0.75,52,17,0.326923,0.302402,0.424923
sample,TCGA-14-0871-01A-01D-1492-08,0.75,54,30,0.555556,0.912871,0.57247
sample,TCGA-14-0871-01A-01W-0424-08,0.75,108,59,0.546296,0.779417,0.589875
sample,TCGA-14-1034-01A-01D-1492-08,0.75,75,60,0.8,0.936042,0.804777
sample,TCGA-14-1034-02B-01D-2280-08,0.75,77,23,0.298701,0.197945,0.37195
sample,TCGA-14-1037-01A-01W-0643-08,0.75,54,21,0.388889,0.611479,0.515352
sample,TCGA-14-1043-01B-11D-1845-08,0.75,22,17,0.772727,0.978926,0.754027
sample,TCGA-14-1395-01B-11D-1845-08,0.75,48,11,0.229167,0.205295,0.357287
sample,TCGA-14-1396-01A-01W-0611-08,0.75,187,112,0.59893,0.858734,0.645946
sample,TCGA-14-1450-01B-01D-1845-08,0.75,60,42,0.7,0.946235,0.706409
sample,TCGA-14-1451-01A-01W-0611-08,0.75,29,13,0.448276,0.592525,0.554172
sample,TCGA-14-1453-01A-01W-0611-08,0.75,63,20,0.31746,0.16426,0.396757
sample,TCGA-14-1455-01A-01W-0643-08,0.75,63,27,0.428571,0.671751,0.554184
sample,TCGA-14-1456-01B-01D-1494-08,0.75,25,14,0.56,0.863593,0.647361
sample,TCGA-14-1795-01A-01W-0643-08,0.75,196,120,0.612245,0.92945,0.627034
sample,TCGA-14-1821-01A-01W-0643-08,0.75,19,3,0.157895,0.101416,0.258665
sample,TCGA-14-1823-01A-01D-1494-08,0.75,54,46,0.851852,0.971693,0.848699
sample,TCGA-14-1823-01A-01W-0643-08,0.75,44,31,0.704545,0.937086,0.772702
sample,TCGA-14-1825-01A-01D-1494-08,0.75,55,16,0.290909,0.27282,0.392569
sample,TCGA-14-1825-01A-01W-0643-08,0.75,86,46,0.534884,0.826757,0.54469
sample,TCGA-14-1827-01A-01W-0643-08,0.75,41,25,0.609756,0.842415,0.637912
sample,TCGA-14-1829-01A-01D-1494-08,0.75,51,35,0.686275,0.922006,0.736381
sample,TCGA-14-1829-01A-01W-0643-08,0.75,63,43,0.68254,0.90168,0.662288
sample,TCGA-14-2554-01A-01D-1494-08,0.75,71,57,0.802817,0.947761,0.824983
sample,TCGA-14-2554-01A-01W-0837-08,0.75,72,51,0.708333,0.945303,0.782924
sample,TCGA-14-3476-01B-01D-1353-08,0.75,63,46,0.730159,0.916407,0.771546
sample,TCGA-14-3477-01A-01W-0922-08,0.75,39,27,0.692308,0.97388,0.725889
sample,TCGA-14-4157-01A-01D-1353-08,0.75,29,4,0.137931,0.242606,0.349837
sample,TCGA-15-0742-01A-01D-1492-08,0.75,69,13,0.188406,0.256367,0.353658
sample,TCGA-15-0742-01A-01W-0348-08,0.75,72,15,0.208333,0.20811,0.338432
sample,TCGA-15-1446-01A-01W-0611-08,0.75,90,59,0.655556,0.855767,0.71725
sample,TCGA-16-0846-01A-01D-1492-08,0.75,75,37,0.493333,0.672915,0.549221
sample,TCGA-16-0846-01A-01W-0424-08,0.75,59,33,0.559322,0.857808,0.571861
sample,TCGA-16-0848-01A-01D-1492-08,0.75,352,200,0.568182,0.859834,0.651329
sample,TCGA-16-0848-01A-01W-0424-08,0.75,280,141,0.503571,0.76564,0.577557
sample,TCGA-16-0849-01A-01W-0424-08,0.75,50,27,0.54,0.761615,0.626523
sample,TCGA-16-0850-01A-01W-0424-08,0.75,57,35,0.614035,0.97425,0.666989
sample,TCGA-16-0861-01A-01D-1492-08,0.75,60,15,0.25,0.452996,0.458536
sample,TCGA-16-0861-01A-01W-0424-08,0.75,57,24,0.421053,0.610989,0.526348
sample,TCGA-16-1045-01B-01D-1492-08,0.75,81,62,0.765432,0.969506,0.807708
sample,TCGA-16-1045-01B-01W-0611-08,0.75,81,56,0.691358,0.937308,0.747364
sample,TCGA-16-1048-01B-01D-1353-08,0.75,67,50,0.746269,0.958193,0.792179
sample,TCGA-16-1460-01A-01W-0643-08,0.75,58,35,0.603448,0.944736,0.674856
sample,TCGA-19-0957-01C-01W-0643-08,0.75,86,52,0.604651,0.886235,0.660015
sample,TCGA-19-0957-02A-11D-2280-08,0.75,121,101,0.834711,0.972414,0.844114
sample,TCGA-19-1385-01A-02W-0643-08,0.75,58,33,0.568966,0.785299,0.594886
sample,TCGA-19-1386-01A-01W-0643-08,0.75,60,26,0.433333,0.647247,0.518015
sample,TCGA-19-1387-01A-01W-0643-08,0.75,77,42,0.545455,0.838325,0.597175
sample,TCGA-19-1389-02A-21D-2280-08,0.75,27,22,0.814815,0.971424,0.837356
sample,TCGA-19-1390-01A-01D-1495-08,0.75,119,55,0.462185,0.529096,0.503403
sample,TCGA-19-1390-01A-01W-0922-08,0.75,153,57,0.372549,0.271317,0.428817
sample,TCGA-19-1786-01A-01W-0643-08,0.75,58,31,0.534483,0.794808,0.59151
sample,TCGA-19-1787-01B-01D-1495-08,0.75,655,152,0.232061,0.0,0.249843
sample,TCGA-19-1787-01B-01W-0922-08,0.75,598,133,0.222408,1e-06,0.242448
sample,TCGA-19-1788-01A-01W-0643-08,0.75,70,47,0.671429,0.91139,0.67194
sample,TCGA-19-1789-01A-01W-0643-08,0.75,69,30,0.434783,0.678888,0.568105
sample,TCGA-19-1790-01B-01D-1353-08,0.75,80,68,0.85,0.980763,0.830316
sample,TCGA-19-1791-01A-01W-0643-08,0.75,61,25,0.409836,0.345979,0.443692
sample,TCGA-19-2620-01A-01D-1495-08,0.75,67,50,0.746269,0.953139,0.76828
sample,TCGA-19-2620-01A-01W-0922-08,0.75,109,75,0.688073,0.896822,0.727885
sample,TCGA-19-2621-01B-01W-0922-08,0.75,86,52,0.604651,0.891803,0.637043
sample,TCGA-19-2623-01A-01D-1495-08,0.75,78,43,0.551282,0.852685,0.611834
sample,TCGA-19-2624-01A-01D-1495-08,0.75,39,13,0.333333,0.387783,0.449669
sample,TCGA-19-2624-01A-01W-0922-08,0.75,35,6,0.171429,0.014495,0.299731
sample,TCGA-19-2625-01A-01D-1495-08,0.75,47,40,0.851064,0.973083,0.835122
sample,TCGA-19-2625-01A-01W-0922-08,0.75,68,36,0.529412,0.793171,0.592111
sample,TCGA-19-2629-01A-01D-1495-08,0.75,70,52,0.742857,0.955928,0.780927
sample,TCGA-19-2629-01A-01W-0922-08,0.75,69,51,0.73913,0.972772,0.75186
sample,TCGA-19-2631-01A-01D-1353-08,0.75,77,34,0.441558,0.595514,0.545025
sample,TCGA-19-4065-01A-01D-2280-08,0.75,52,30,0.576923,0.951022,0.606602
sample,TCGA-19-4065-02A-11D-2280-08,0.75,99,77,0.777778,0.987215,0.79639
sample,TCGA-19-4068-01A-01D-1353-08,0.75,59,18,0.305085,0.606329,0.5015
sample,TCGA-19-5947-01A-11D-1696-08,0.75,22,17,0.772727,0.977398,0.787846
sample,TCGA-19-5950-01A-11D-1696-08,0.75,56,27,0.482143,0.72163,0.603737
sample,TCGA-19-5951-01A-11D-1696-08,0.75,73,18,0.246575,0.265616,0.37956
sample,TCGA-19-5953-01B-12D-1845-08,0.75,54,42,0.777778,0.982115,0.783301
sample,TCGA-19-5954-01A-11D-1696-08,0.75,83,37,0.445783,0.641025,0.569937
sample,TCGA-19-5955-01A-11D-1696-08,0.75,66,58,0.878788,0.98995,0.87952
sample,TCGA-19-5956-01A-11D-1696-08,0.75,8058,4732,0.587242,0.936264,0.635111
sample,TCGA-19-5958-01A-11D-1696-08,0.75,45,31,0.688889,0.876981,0.727133
sample,TCGA-19-5959-01A-11D-1696-08,0.75,85,23,0.270588,0.338198,0.38417
sample,TCGA-19-5960-01A-11D-1696-08,0.75,39,4,0.102564,0.155308,0.270284
sample,TCGA-19-A60I-01A-12D-A33T-08,0.75,30,7,0.233333,0.177479,0.356755
sample,TCGA-19-A6J4-01A-11D-A33T-08,0.75,31,19,0.612903,0.948233,0.63936
sample,TCGA-19-A6J5-01A-21D-A33T-08,0.75,48,5,0.104167,0.01871,0.197678
sample,TCGA-26-1439-01A-01D-1353-08,0.75,36,17,0.472222,0.589486,0.571753
sample,TCGA-26-1442-01A-01D-1696-08,0.75,41,24,0.585366,0.910367,0.604507
sample,TCGA-26-1799-01A-02W-0643-08,0.75,43,19,0.44186,0.608564,0.546987
sample,TCGA-26-5133-01A-01D-1486-08,0.75,39,15,0.384615,0.602487,0.508838
sample,TCGA-26-5134-01A-01D-1486-08,0.75,50,9,0.18,0.354318,0.40489
sample,TCGA-26-5135-01A-01D-1486-08,0.75,61,20,0.327869,0.582242,0.571875
sample,TCGA-26-5136-01B-01D-1486-08,0.75,50,28,0.56,0.81022,0.657451
sample,TCGA-26-5139-01A-01D-1486-08,0.75,45,24,0.533333,0.813984,0.63962
sample,TCGA-26-6173-01A-11D-1845-08,0.75,32,26,0.8125,0.97378,0.839261
sample,TCGA-26-6174-01A-21D-1845-08,0.75,88,75,0.852273,0.985229,0.871369
sample,TCGA-26-A7UX-01B-11D-A391-08,0.75,37,8,0.216216,0.045929,0.298959
sample,TCGA-27-1830-01A-01D-1494-08,0.75,48,38,0.791667,0.962142,0.813445
sample,TCGA-27-1831-01A-01D-1494-08,0.75,55,42,0.763636,0.93681,0.790672
sample,TCGA-27-1831-01A-01W-0837-08,0.75,91,64,0.703297,0.94819,0.768691
sample,TCGA-27-1832-01A-01D-1494-08,0.75,31,28,0.903226,0.97692,0.894809
sample,TCGA-27-1832-01A-01W-0643-08,0.75,38,27,0.710526,0.968987,0.763321
sample,TCGA-27-1833-01A-01D-1494-08,0.75,60,31,0.516667,0.766357,0.604181
sample,TCGA-27-1833-01A-01W-0643-08,0.75,51,22,0.431373,0.580418,0.50204
sample,TCGA-27-1834-01A-01D-1494-08,0.75,55,31,0.563636,0.826472,0.62407
sample,TCGA-27-1834-01A-01W-0643-08,0.75,100,60,0.6,0.873372,0.638151
sample,TCGA-27-1835-01A-01D-1494-08,0.75,70,24,0.342857,0.580092,0.54409
sample,TCGA-27-1836-01A-01D-1494-08,0.75,42,33,0.785714,0.952228,0.820164
sample,TCGA-27-1837-01A-01D-1494-08,0.75,38,16,0.421053,0.655633,0.580993
sample,TCGA-27-1837-01A-01W-0837-08,0.75,63,38,0.603175,0.858002,0.676842
sample,TCGA-27-1838-01A-01D-1494-08,0.75,95,62,0.652632,0.922196,0.716432
sample,TCGA-27-2518-01A-01D-1494-08,0.75,55,49,0.890909,0.968329,0.869847
sample,TCGA-27-2519-01A-01D-1494-08,0.75,43,29,0.674419,0.919649,0.711907
sample,TCGA-27-2519-01A-01W-0837-08,0.75,46,24,0.521739,0.822469,0.595361
sample,TCGA-27-2521-01A-01D-1494-08,0.75,61,27,0.442623,0.653645,0.526729
sample,TCGA-27-2521-01A-01W-0837-08,0.75,57,27,0.473684,0.705172,0.520833
sample,TCGA-27-2523-01A-01D-1494-08,0.75,50,7,0.14,0.220882,0.31696
sample,TCGA-27-2523-01A-01W-0837-08,0.75,53,13,0.245283,0.114749,0.324666
sample,TCGA-27-2524-01A-01D-1494-08,0.75,36,22,0.611111,0.864102,0.712173
sample,TCGA-27-2524-01A-01W-0837-08,0.75,37,18,0.486486,0.706638,0.573108
sample,TCGA-27-2526-01A-01D-1494-08,0.75,50,20,0.4,0.634632,0.606701
sample,TCGA-27-2526-01A-01W-0837-08,0.75,49,19,0.387755,0.598622,0.56613
sample,TCGA-27-2527-01A-01D-1494-08,0.75,61,57,0.934426,0.990242,0.912379
sample,TCGA-27-2528-01A-01D-1494-08,0.75,50,35,0.7,0.899562,0.715891
sample,TCGA-27-2528-01A-01W-0837-08,0.75,52,29,0.557692,0.842401,0.624252
sample,TCGA-28-1745-01B-01W-0643-08,0.75,48,31,0.645833,0.897061,0.667578
sample,TCGA-28-1746-01A-01W-0643-08,0.75,73,26,0.356164,0.237971,0.415787
sample,TCGA-28-1747-01C-01D-1494-08,0.75,41,23,0.560976,0.811084,0.718245
sample,TCGA-28-1747-01C-01W-0837-08,0.75,42,25,0.595238,0.844962,0.729249
sample,TCGA-28-1749-01A-01W-0643-08,0.75,45,17,0.377778,0.448944,0.509856
sample,TCGA-28-1750-01A-01W-0643-08,0.75,45,30,0.666667,0.935277,0.692712
sample,TCGA-28-1751-01A-02W-0643-08,0.75,55,37,0.672727,0.939713,0.715579
sample,TCGA-28-1752-01A-01W-0643-08,0.75,73,59,0.808219,0.955286,0.821047
sample,TCGA-28-1753-01A-01D-1494-08,0.75,52,38,0.730769,0.944115,0.764072
sample,TCGA-28-1755-01A-01W-0643-08,0.75,61,24,0.393443,0.522255,0.514384
sample,TCGA-28-1757-01A-02W-0643-08,0.75,95,55,0.578947,0.896798,0.62941
sample,TCGA-28-2499-01A-01D-1494-08,0.75,28,8,0.285714,0.296774,0.434335
sample,TCGA-28-2501-01A-01D-1696-08,0.75,47,37,0.787234,0.981835,0.801567
sample,TCGA-28-2502-01B-01D-1494-08,0.75,53,47,0.886792,0.988548,0.89822
sample,TCGA-28-2502-01B-01W-0837-08,0.75,56,44,0.785714,0.969656,0.799954
sample,TCGA-28-2509-01A-01D-1494-08,0.75,52,17,0.326923,0.186245,0.401691
sample,TCGA-28-2509-01A-01W-0837-08,0.75,53,16,0.301887,0.06804,0.359647
sample,TCGA-28-2510-01A-01D-1696-08,0.75,27,18,0.666667,0.94286,0.642123
sample,TCGA-28-2513-01A-01D-1494-08,0.75,76,73,0.960526,0.980036,0.945153
sample,TCGA-28-2513-01A-01W-0837-08,0.75,86,77,0.895349,0.988351,0.892001
sample,TCGA-28-2514-01A-02D-1494-08,0.75,53,26,0.490566,0.736038,0.572256
sample,TCGA-28-2514-01A-02W-0837-08,0.75,52,27,0.519231,0.758267,0.629994
sample,TCGA-28-5204-01A-01D-1486-08,0.75,39,9,0.230769,0.473071,0.455314
sample,TCGA-28-5208-01A-01D-1486-08,0.75,55,13,0.236364,0.434501,0.451313
sample,TCGA-28-5209-01A-01D-1486-08,0.75,80,25,0.3125,0.40059,0.457475
sample,TCGA-28-5211-01C-11D-1845-08,0.75,34,24,0.705882,0.984423,0.752338
sample,TCGA-28-5213-01A-01D-1486-08,0.75,53,53,1.0,0.991268,0.977232
sample,TCGA-28-5214-01A-01D-1486-08,0.75,38,29,0.763158,0.929629,0.782274
sample,TCGA-28-5215-01A-01D-1486-08,0.75,36,19,0.527778,0.831489,0.637427
sample,TCGA-28-5216-01A-01D-1486-08,0.75,48,21,0.4375,0.299698,0.454293
sample,TCGA-28-5218-01A-01D-1486-08,0.75,16,7,0.4375,0.55058,0.523613
sample,TCGA-28-5219-01A-01D-1486-08,0.75,43,28,0.651163,0.907967,0.698437
sample,TCGA-28-5220-01A-01D-1486-08,0.75,35,10,0.285714,0.293021,0.438147
sample,TCGA-28-6450-01A-11D-1696-08,0.75,55,25,0.454545,0.688587,0.55528
sample,TCGA-32-1970-01A-01D-1494-08,0.75,79,37,0.468354,0.657358,0.541518
sample,TCGA-32-1970-01A-01W-0837-08,0.75,83,37,0.445783,0.683604,0.588954
sample,TCGA-32-1976-01A-01W-0837-08,0.75,48,25,0.520833,0.769169,0.563867
sample,TCGA-32-1977-01A-01D-1353-08,0.75,70,63,0.9,0.987777,0.896431
sample,TCGA-32-1979-01A-01D-1696-08,0.75,77,54,0.701299,0.911569,0.690384
sample,TCGA-32-1980-01A-01D-1696-08,0.75,12,5,0.416667,0.024017,0.40439
sample,TCGA-32-1982-01A-01D-1494-08,0.75,79,69,0.873418,0.974681,0.863527
sample,TCGA-32-1982-01A-01W-0837-08,0.75,106,78,0.735849,0.941837,0.74353
sample,TCGA-32-1986-01A-01D-1494-08,0.75,41,37,0.902439,0.976738,0.8827
sample,TCGA-32-1991-01A-01D-1353-08,0.75,38,16,0.421053,0.634301,0.609614
sample,TCGA-32-2491-01A-01D-1353-08,0.75,63,49,0.777778,0.975355,0.795691
sample,TCGA-32-2494-01A-01D-1353-08,0.75,56,47,0.839286,0.97966,0.843717
sample,TCGA-32-2495-01A-01D-1353-08,0.75,64,25,0.390625,0.556129,0.518995
sample,TCGA-32-2615-01A-01D-1495-08,0.75,37,12,0.324324,0.408488,0.444277
sample,TCGA-32-2616-01A-01D-1495-08,0.75,1162,602,0.518072,0.78269,0.614423
sample,TCGA-32-2616-01A-01W-0922-08,0.75,676,325,0.480769,0.696756,0.551213
sample,TCGA-32-2632-01A-01D-1495-08,0.75,89,63,0.707865,0.955781,0.740197
sample,TCGA-32-2632-01A-01W-0922-08,0.75,86,53,0.616279,0.888581,0.638953
sample,TCGA-32-2634-01A-01D-1495-08,0.75,46,9,0.195652,0.268936,0.363859
sample,TCGA-32-2634-01A-01W-0922-08,0.75,46,10,0.217391,0.049087,0.298498
sample,TCGA-32-2638-01A-01D-1495-08,0.75,58,27,0.465517,0.700716,0.596303
sample,TCGA-32-2638-01A-01W-0922-08,0.75,57,24,0.421053,0.653049,0.53453
sample,TCGA-32-4208-01A-01D-1353-08,0.75,35,13,0.371429,0.647395,0.558583
sample,TCGA-32-4209-01A-01D-1353-08,0.75,27,21,0.777778,0.968725,0.798423
sample,TCGA-32-4210-01A-01D-1353-08,0.75,72,41,0.569444,0.886322,0.597462
sample,TCGA-32-4211-01A-01D-1353-08,0.75,55,41,0.745455,0.953372,0.736949
sample,TCGA-32-4213-01A-01D-1353-08,0.75,44,35,0.795455,0.941188,0.812599
sample,TCGA-32-5222-01A-01D-1486-08,0.75,66,37,0.560606,0.857176,0.671997
sample,TCGA-41-2571-01A-01D-1495-08,0.75,50,28,0.56,0.789964,0.628005
sample,TCGA-41-2571-01A-01W-0922-08,0.75,57,26,0.45614,0.669153,0.576365
sample,TCGA-41-2572-01A-01D-1353-08,0.75,52,22,0.423077,0.623469,0.616203
sample,TCGA-41-2573-01A-01D-1495-08,0.75,37,17,0.459459,0.441288,0.501344
sample,TCGA-41-2573-01A-01W-0922-08,0.75,44,18,0.409091,0.58303,0.472767
sample,TCGA-41-2575-01A-01D-1495-08,0.75,64,18,0.28125,0.377235,0.425863
sample,TCGA-41-2575-01A-01W-0922-08,0.75,78,27,0.346154,0.34901,0.439809
sample,TCGA-41-3392-01A-01D-1495-08,0.75,67,36,0.537313,0.79295,0.600747
sample,TCGA-41-3392-01A-01W-0922-08,0.75,65,34,0.523077,0.837189,0.603373
sample,TCGA-41-3393-01A-01D-1353-08,0.75,73,64,0.876712,0.982114,0.865779
sample,TCGA-41-3915-01A-01D-1353-08,0.75,35,20,0.571429,0.866916,0.615066
sample,TCGA-41-4097-01A-01D-1353-08,0.75,30,23,0.766667,0.984919,0.849304
sample,TCGA-41-5651-01A-01D-1696-08,0.75,92,29,0.315217,0.34614,0.440544
sample,TCGA-41-6646-01A-11D-1845-08,0.75,49,29,0.591837,0.879095,0.624489
sample,TCGA-4W-AA9R-01A-11D-A391-08,0.75,79,36,0.455696,0.683055,0.559437
sample,TCGA-4W-AA9S-01A-11D-A391-08,0.75,57,30,0.526316,0.876987,0.599788
sample,TCGA-4W-AA9T-01A-11D-A391-08,0.75,51,42,0.823529,0.979986,0.82704
sample,TCGA-74-6573-01A-12D-1845-08,0.75,38,19,0.5,0.753544,0.579381
sample,TCGA-74-6575-01A-11D-1845-08,0.75,90,71,0.788889,0.956609,0.796311
sample,TCGA-74-6577-01A-11D-1845-08,0.75,33,24,0.727273,0.96873,0.710566
sample,TCGA-74-6578-01A-11D-1845-08,0.75,68,41,0.602941,0.863376,0.668862
sample,TCGA-74-6581-01A-11D-1845-08,0.75,44,13,0.295455,0.371712,0.448118
sample,TCGA-74-6584-01A-11D-1845-08,0.75,40,23,0.575,0.858696,0.614664
sample,TCGA-76-4925-01A-01D-1486-08,0.75,67,13,0.19403,0.1695,0.320846
sample,TCGA-76-4926-01B-01D-1486-08,0.75,58,30,0.517241,0.756526,0.676764
sample,TCGA-76-4927-01A-01D-1486-08,0.75,53,47,0.886792,0.975497,0.888359
sample,TCGA-76-4928-01B-01D-1486-08,0.75,80,77,0.9625,0.989503,0.94304
sample,TCGA-76-4929-01A-01D-1486-08,0.75,64,22,0.34375,0.437787,0.453473
sample,TCGA-76-4931-01A-01D-1486-08,0.75,47,10,0.212766,0.175209,0.335968
sample,TCGA-76-4932-01A-01D-1486-08,0.75,59,15,0.254237,0.425172,0.475154
sample,TCGA-76-4934-01A-01D-1486-08,0.75,54,21,0.388889,0.479055,0.483629
sample,TCGA-76-4935-01A-01D-1486-08,0.75,52,23,0.442308,0.512503,0.544852
sample,TCGA-76-6191-01A-12D-1696-08,0.75,55,12,0.218182,0.400105,0.422473
sample,TCGA-76-6192-01A-11D-1696-08,0.75,54,45,0.833333,0.978569,0.831109
sample,TCGA-76-6193-01A-11D-1696-08,0.75,49,41,0.836735,0.982935,0.839004
sample,TCGA-76-6280-01A-21D-1845-08,0.75,50,18,0.36,0.338118,0.444303
sample,TCGA-76-6282-01A-11D-1696-08,0.75,41,32,0.780488,0.96542,0.811084
sample,TCGA-76-6283-01A-11D-1845-08,0.75,86,31,0.360465,0.388199,0.439475
sample,TCGA-76-6285-01A-11D-1696-08,0.75,54,11,0.203704,0.147073,0.327323
sample,TCGA-76-6286-01A-11D-1845-08,0.75,67,17,0.253731,0.159793,0.335873
sample,TCGA-76-6656-01A-11D-1845-08,0.75,88,35,0.397727,0.592215,0.537881
sample,TCGA-76-6657-01A-11D-1845-08,0.75,49,30,0.612245,0.829579,0.647523
sample,TCGA-76-6660-01A-11D-1845-08,0.75,87,31,0.356322,0.444681,0.465032
sample,TCGA-76-6661-01B-11D-1845-08,0.75,53,27,0.509434,0.784637,0.618325
sample,TCGA-76-6662-01A-11D-1845-08,0.75,37,33,0.891892,0.981918,0.887042
sample,TCGA-76-6663-01A-11D-1845-08,0.75,56,43,0.767857,0.971569,0.775634
sample,TCGA-76-6664-01A-11D-1845-08,0.75,50,38,0.76,0.932906,0.78931
sample,TCGA-81-5910-01A-11D-1696-08,0.75,48,15,0.3125,0.459165,0.448164
sample,TCGA-81-5911-01A-12D-1845-08,0.75,26,15,0.576923,0.846683,0.652815
sample,TCGA-87-5896-01A-01D-1696-08,0.75,53,19,0.358491,0.503566,0.496123
sample,TCGA-OX-A56R-01A-11D-A33T-08,0.75,36,7,0.194444,0.251969,0.340455
sample,TCGA-RR-A6KA-01A-21D-A33T-08,0.75,58,46,0.793103,0.966699,0.804714
sample,TCGA-RR-A6KB-01A-12D-A33T-08,0.75,45,33,0.733333,0.978895,0.761291
sample,TCGA-RR-A6KC-01A-31D-A33T-08,0.75,49,24,0.489796,0.747735,0.601745
source_maf,00326327-8da5-4226-a894-2e4e1d5acd45.maf.gz,0.75,57,30,0.526316,0.876987,0.599788
source_maf,004897bf-5189-4d09-baa3-d45cdde4985a.maf.gz,0.75,49,12,0.244898,0.292739,0.413867
source_maf,009b4458-4158-41ef-816f-ed7e4eecba48.maf.gz,0.75,53,16,0.301887,0.57809,0.492151
source_maf,00a6589b-6c02-4b41-b363-fb5e7151675b.maf.gz,0.75,27,11,0.407407,0.437109,0.472667
source_maf,00c046a5-b243-4f40-b107-bcd1c07d0918.maf.gz,0.75,13,8,0.615385,0.862575,0.644682
source_maf,010427c5-94f5-4ba9-a77b-a480823733bd.maf.gz,0.75,55,27,0.490909,0.725285,0.668428
source_maf,01ca413a-63ae-4017-935c-a58195e73eea.maf.gz,0.75,36,7,0.194444,0.251969,0.340455
source_maf,0240d7a1-a06c-4647-879f-1441b64b4dd3.maf.gz,0.75,39,13,0.333333,0.387783,0.449669
source_maf,029fde2a-49ec-4047-9289-1a699b687b08.maf.gz,0.75,25,14,0.56,0.863593,0.647361
source_maf,03dfb83a-f803-4380-8681-b3ebc2ffee29.maf.gz,0.75,28,14,0.5,0.760389,0.579625
source_maf,0480797d-1ce6-46e4-8f27-b24c9597a052.maf.gz,0.75,100,60,0.6,0.873372,0.638151
source_maf,0493f571-b732-4f33-9c57-b9b5762e7da1.maf.gz,0.75,52,17,0.326923,0.186245,0.401691
source_maf,04acaaaf-3c93-4014-afcb-741e5252b563.maf.gz,0.75,61,24,0.393443,0.522255,0.514384
source_maf,0507efd4-0190-4a86-a47c-9c9b724505d5.maf.gz,0.75,55,37,0.672727,0.939713,0.715579
source_maf,06328477-271c-466a-8f9b-ca227b31ce1b.maf.gz,0.75,44,18,0.409091,0.58303,0.472767
source_maf,0632d63a-1b51-434a-a074-a500e46c1859.maf.gz,0.75,86,31,0.360465,0.388199,0.439475
source_maf,06dd167b-3334-453e-a63f-dcd0f2c2e22a.maf.gz,0.75,46,16,0.347826,0.586453,0.51231
source_maf,07dd1a69-3283-4bd1-9ce6-c2709c80fd51.maf.gz,0.75,45,30,0.666667,0.935277,0.692712
source_maf,097a9469-48c7-477a-a769-cda7ff93271e.maf.gz,0.75,61,27,0.442623,0.653645,0.526729
source_maf,0bc5b7e8-ccfc-4d56-ab3b-12c25ed87754.maf.gz,0.75,73,26,0.356164,0.237971,0.415787
source_maf,0c36c15e-7a32-4d95-ae89-c35f4392a7d5.maf.gz,0.75,31,21,0.677419,0.882652,0.708569
source_maf,0c978002-6e44-491b-beaf-f1b87e6c2c1b.maf.gz,0.75,31,8,0.258065,0.204234,0.361962
source_maf,0d260c80-8a19-4d48-8ee1-6a4fb233d3bf.maf.gz,0.75,61,18,0.295082,0.263988,0.405635
source_maf,0d8a690c-503b-4db2-9c6d-129a12001917.maf.gz,0.75,66,55,0.833333,0.982622,0.872369
source_maf,0ddb96f5-835f-4653-be32-7272a248e00a.maf.gz,0.75,75,37,0.493333,0.672915,0.549221
source_maf,0e160d5a-1896-4bc3-89be-02550078b262.maf.gz,0.75,66,41,0.621212,0.874414,0.707828
source_maf,10b81151-18ef-4fb8-bc25-712e8b2943ad.maf.gz,0.75,3,2,0.666667,0.874468,0.602435
source_maf,10c42f7f-29aa-4e20-ba4a-b19d807ef40e.maf.gz,0.75,38,16,0.421053,0.634301,0.609614
source_maf,12ebb080-e96e-4145-a1c6-91df8bf6cb45.maf.gz,0.75,70,52,0.742857,0.955928,0.780927
source_maf,1307df0a-7e36-48c5-9bcc-5dd809293e30.maf.gz,0.75,108,59,0.546296,0.779417,0.589875
source_maf,13977324-1ded-4b06-8b6f-5605742d8d8d.maf.gz,0.75,37,6,0.162162,0.19784,0.32932
source_maf,146b341d-06f3-41b4-90c5-aece9556c240.maf.gz,0.75,100,58,0.58,0.861125,0.647794
source_maf,147d062c-734c-4c7e-aa89-44881e425946.maf.gz,0.75,58,35,0.603448,0.944736,0.674856
source_maf,14824f7a-b8c6-4f81-9bd9-8068e4e1314d.maf.gz,0.75,53,34,0.641509,0.903465,0.671117
source_maf,14df70c2-824d-4767-8494-6675039f582c.maf.gz,0.75,48,23,0.479167,0.628643,0.539735
source_maf,14df9543-c061-4b33-aa2e-280cce4fe511.maf.gz,0.75,77,38,0.493506,0.73196,0.617353
source_maf,1560add0-ce57-46e5-b923-6622904f5b39.maf.gz,0.75,39,4,0.102564,0.155308,0.270284
source_maf,16a12858-dcc6-4b9d-86c8-08118dc6171d.maf.gz,0.75,66,17,0.257576,0.430838,0.416225
source_maf,178c6e9c-d5d9-42fb-b91a-ac6f83acafaa.maf.gz,0.75,50,28,0.56,0.789964,0.628005
source_maf,17a8ed39-c0a6-4d80-a860-e129421a0f07.maf.gz,0.75,49,41,0.836735,0.982935,0.839004
source_maf,1854ea18-b3b5-4142-8161-e89c1e1f0e7d.maf.gz,0.75,1,0,0.0,0.027137,0.027137
source_maf,192041a9-6ff6-4e10-94c8-12a31849a790.maf.gz,0.75,280,141,0.503571,0.76564,0.577557
source_maf,19b1ff0f-51f4-4719-9a05-532424ed9dcf.maf.gz,0.75,67,46,0.686567,0.91153,0.723307
source_maf,1a007aab-6c65-4cbc-8ffb-9385e91a4e78.maf.gz,0.75,78,53,0.679487,0.904916,0.717265
source_maf,1a873714-42c9-4cc4-88a7-6016f4cfa0e2.maf.gz,0.75,8058,4732,0.587242,0.936264,0.635111
source_maf,1a93ab83-8ce8-4a84-97d2-b7e365fcc227.maf.gz,0.75,45,17,0.377778,0.448944,0.509856
source_maf,1ab603d6-2f35-40c1-97db-6203398dfcda.maf.gz,0.75,32,6,0.1875,0.001242,0.264161
source_maf,1b5d8814-b944-4f6a-8258-1c6a4c49ba10.maf.gz,0.75,27,13,0.481481,0.587263,0.52553
source_maf,1b66b4e6-95bd-43f7-a45d-84e0b2a1e8a0.maf.gz,0.75,84,56,0.666667,0.924574,0.735724
source_maf,1b777c6b-074a-4d01-bd19-7dfe0b41a7c0.maf.gz,0.75,35,21,0.6,0.940519,0.630398
source_maf,1b90129c-ac92-4f74-986b-6a1dc23c0c83.maf.gz,0.75,42,33,0.785714,0.952228,0.820164
source_maf,1be61e71-4eca-4251-84d1-b5eea0c61be0.maf.gz,0.75,79,69,0.873418,0.974681,0.863527
source_maf,1c129614-48ae-4bb6-904e-0ac64b39ea4a.maf.gz,0.75,45,20,0.444444,0.600597,0.547957
source_maf,1cf9d9a0-15c4-4809-adc8-d99a470cd01c.maf.gz,0.75,69,13,0.188406,0.256367,0.353658
source_maf,1e568cb0-e725-4d4b-9e11-e2c4aabe6ebe.maf.gz,0.75,55,31,0.563636,0.826472,0.62407
source_maf,1e9d3a4f-b9dd-4d02-94e5-d57ad695fed6.maf.gz,0.75,35,10,0.285714,0.293021,0.438147
source_maf,1eb430a9-c5ba-43f4-86fa-ff4db1241c85.maf.gz,0.75,56,26,0.464286,0.533973,0.508593
source_maf,1edcb635-0ddc-4276-b043-50b45971240b.maf.gz,0.75,49,19,0.387755,0.598622,0.56613
source_maf,1efae7be-1c7a-40ea-a620-e7d2851b35ce.maf.gz,0.75,43,28,0.651163,0.883505,0.694212
source_maf,210ed92f-448c-4b67-942d-c9c41d7ced06.maf.gz,0.75,598,133,0.222408,1e-06,0.242448
source_maf,21ae3762-ea7b-4b65-adc3-11f8f6406d83.maf.gz,0.75,55,49,0.890909,0.968329,0.869847
source_maf,2242451e-9382-43ad-916d-1ed9690e4130.maf.gz,0.75,51,23,0.45098,0.695777,0.576017
source_maf,22c8a8fd-ea19-4021-abd0-892391e3c70d.maf.gz,0.75,42,20,0.47619,0.599817,0.506886
source_maf,23d5c028-39f9-4bb5-8c18-377439391823.maf.gz,0.75,37,12,0.324324,0.408488,0.444277
source_maf,25ae6f57-797a-4fdd-a293-dc0efa1db330.maf.gz,0.75,52,17,0.326923,0.302402,0.424923
source_maf,26511721-713f-4f7d-bcf2-0045a2d6f5a2.maf.gz,0.75,40,31,0.775,0.961028,0.754964
source_maf,26a5a0b2-cf81-404b-a266-3fcff784336e.maf.gz,0.75,74,17,0.22973,0.283569,0.362299
source_maf,26c6704d-5e59-466d-b324-b4bc239794a8.maf.gz,0.75,37,17,0.459459,0.441288,0.501344
source_maf,26f70d72-362e-451f-a363-20aa0180af66.maf.gz,0.75,63,27,0.428571,0.671751,0.554184
source_maf,27339583-7def-4e33-a49e-f1fb4708f427.maf.gz,0.75,63,52,0.825397,0.966331,0.828904
source_maf,27aa82e2-0a8c-43c0-bc89-9f071cce278c.maf.gz,0.75,53,47,0.886792,0.988548,0.89822
source_maf,29ee4dcc-2384-4803-8b68-3d6c43721a72.maf.gz,0.75,63,49,0.777778,0.975355,0.795691
source_maf,2a055c39-d774-46eb-8377-8ebc4d53632c.maf.gz,0.75,60,33,0.55,0.777873,0.669971
source_maf,2c443cf0-f68e-475c-b068-468b8373ec05.maf.gz,0.75,85,47,0.552941,0.861809,0.575668
source_maf,2df12676-9f01-4c6f-ab71-bc0361ded3f9.maf.gz,0.75,36,11,0.305556,0.463837,0.45891
source_maf,2e2bc46b-82c5-449d-bffc-241bd9899ed5.maf.gz,0.75,63,43,0.68254,0.90168,0.662288
source_maf,300211d2-44ab-4a79-a26f-95f05bf4c1a4.maf.gz,0.75,65,30,0.461538,0.661591,0.578502
source_maf,300bbdde-ec44-4e36-90f3-af22a109e3f5.maf.gz,0.75,15,13,0.866667,0.934996,0.863479
source_maf,321d0b53-2d86-489f-b3c5-445850aa12f8.maf.gz,0.75,80,68,0.85,0.980763,0.830316
source_maf,322b687e-d4fa-4487-b59e-463c87d336f4.maf.gz,0.75,64,18,0.28125,0.377235,0.425863
source_maf,3264085f-1be7-4919-bfb2-e41ef256286c.maf.gz,0.75,15,6,0.4,3e-06,0.377414
source_maf,3276f8ba-625d-44a2-9342-3ae895c1c80b.maf.gz,0.75,72,55,0.763889,0.948243,0.770603
source_maf,330520f8-dc9f-43d5-aad1-4268d9aad144.maf.gz,0.75,79,48,0.607595,0.893114,0.6736
source_maf,33485a89-8af0-43d6-b627-264ac90b9bb9.maf.gz,0.75,95,62,0.652632,0.922196,0.716432
source_maf,33952b8e-74d7-483c-b84b-4b71a9cc586c.maf.gz,0.75,30,23,0.766667,0.984919,0.849304
source_maf,35275073-7f36-49eb-876d-8fcf581378d7.maf.gz,0.75,33,9,0.272727,0.325127,0.412647
source_maf,35d63751-7306-4f81-83ff-2d5c37d6ee12.maf.gz,0.75,90,71,0.788889,0.956609,0.796311
source_maf,36ad595b-6ee6-4ee4-b4fe-17dac6149f7a.maf.gz,0.75,29,13,0.448276,0.592525,0.554172
source_maf,379d8213-27fa-47d5-a361-c88ea3249220.maf.gz,0.75,50,14,0.28,0.360238,0.43757
source_maf,381258bf-7787-44fa-ae9c-a764e625d768.maf.gz,0.75,94,51,0.542553,0.84492,0.630758
source_maf,388b3879-6f72-43e3-b4a5-19309808fbe4.maf.gz,0.75,73,64,0.876712,0.982114,0.865779
source_maf,38c3188d-6a13-404e-8c41-0f11ff3a8fe3.maf.gz,0.75,83,37,0.445783,0.683604,0.588954
source_maf,39bc8e0a-7e9d-4d5e-b0cc-3c3a5d3cba6d.maf.gz,0.75,57,45,0.789474,0.985506,0.780413
source_maf,3a155b4a-5656-4626-b84b-3840d60bc08c.maf.gz,0.75,73,59,0.808219,0.955286,0.821047
source_maf,3a9008c6-a4f6-4893-9c12-3d798a1a0d27.maf.gz,0.75,62,25,0.403226,0.631916,0.523485
source_maf,3a922b8a-c15a-4623-814a-e54ede09339c.maf.gz,0.75,85,33,0.388235,0.567988,0.552017
source_maf,3aff228f-7ce7-42bc-a0a8-bb1e6279d16f.maf.gz,0.75,58,22,0.37931,0.550666,0.490425
source_maf,3b3fe35e-dca3-4690-bb70-e26e15bf4b42.maf.gz,0.75,61,17,0.278689,0.439069,0.455125
source_maf,3b47c841-0c15-4866-9c88-7935b4768f29.maf.gz,0.75,50,26,0.52,0.823283,0.664039
source_maf,3b7c651c-4c61-4e55-a2ec-9750b2b8b3ad.maf.gz,0.75,87,43,0.494253,0.749601,0.579192
source_maf,3ba7d3a9-8984-4c85-8d76-a6ded3a78223.maf.gz,0.75,60,15,0.25,0.452996,0.458536
source_maf,3dfcf466-38aa-4c8f-beae-e4eba6cfa4ca.maf.gz,0.75,72,21,0.291667,0.310802,0.401948
source_maf,3dffde20-6af0-47b0-9ff1-dbe52d973174.maf.gz,0.75,57,49,0.859649,0.976074,0.847783
source_maf,3e46c7ee-20a0-4555-8a69-efa59d673b72.maf.gz,0.75,60,55,0.916667,0.991206,0.917913
source_maf,3ee7bf22-d609-484f-a270-435e7a910cea.maf.gz,0.75,71,57,0.802817,0.947761,0.824983
source_maf,3f70a963-4852-4ee0-87e4-71046603b63d.maf.gz,0.75,23,22,0.956522,0.989523,0.954362
source_maf,4000d8fa-3f11-4a3e-9eff-8a020db39ecf.maf.gz,0.75,16,7,0.4375,0.55058,0.523613
source_maf,41ef6378-0647-4574-a255-600e7355e402.maf.gz,0.75,47,10,0.212766,0.175209,0.335968
source_maf,421c309b-8906-4896-9d3c-6fc4aca2cdb6.maf.gz,0.75,72,48,0.666667,0.923073,0.73007
source_maf,43253774-95e8-4967-983e-6c6500ea219b.maf.gz,0.75,62,36,0.580645,0.853374,0.659784
source_maf,443c35d7-e199-49d8-b2f7-2e0e4fc2eb9a.maf.gz,0.75,44,31,0.704545,0.966523,0.750919
source_maf,444e14e0-a6fd-494e-bbcd-22dc1c676158.maf.gz,0.75,55,28,0.509091,0.764722,0.660763
source_maf,45ba29c4-93cb-4a31-9994-956f0e209f7c.maf.gz,0.75,69,30,0.434783,0.678888,0.568105
source_maf,470d22dd-b96f-451c-942c-0d873f5ecbcf.maf.gz,0.75,79,36,0.455696,0.683055,0.559437
source_maf,47fdbeba-e2db-4645-96fc-a344e8b45f60.maf.gz,0.75,45,29,0.644444,0.867652,0.690326
source_maf,487c7329-c5ca-4921-954a-5347082144b4.maf.gz,0.75,29,4,0.137931,0.242606,0.349837
source_maf,48fc7957-a80c-484e-a1af-f6ac751a870a.maf.gz,0.75,53,53,1.0,0.991268,0.977232
source_maf,490001eb-233e-4f34-a1a9-85c7f1d2c5b0.maf.gz,0.75,20,13,0.65,0.912245,0.701701
source_maf,495ce163-b509-443b-b0f9-5c8881d7adcc.maf.gz,0.75,56,47,0.839286,0.97966,0.843717
source_maf,49d88609-b367-478a-a30d-b1a68be69027.maf.gz,0.75,53,47,0.886792,0.975497,0.888359
source_maf,4b1abb13-ebed-4ced-9ccb-b967a30136f9.maf.gz,0.75,44,27,0.613636,0.865783,0.656633
source_maf,4b3337f8-7d53-455e-afe3-5a0f6378150d.maf.gz,0.75,37,33,0.891892,0.981918,0.887042
source_maf,4b53a053-6f6f-4af2-a1ef-24f78cf00bd6.maf.gz,0.75,69,19,0.275362,0.279812,0.408555
source_maf,4bc11add-ec18-4fc3-a77c-7a380e63d12f.maf.gz,0.75,48,5,0.104167,0.01871,0.197678
source_maf,4bdd25b1-f5b8-4b6b-8acd-d44154ae44bf.maf.gz,0.75,86,53,0.616279,0.888581,0.638953
source_maf,4c1a7bd3-c494-4c79-acc1-9bab05524d9c.maf.gz,0.75,34,24,0.705882,0.984423,0.752338
source_maf,4c74c4aa-bae0-47e8-afc8-7fce4b2ed72b.maf.gz,0.75,60,39,0.65,0.878668,0.744888
source_maf,4cc566d5-6edd-4b05-a283-96ba8aebaaf9.maf.gz,0.75,45,19,0.422222,0.458327,0.491366
source_maf,4d84afad-3610-4dbf-935e-7e2af10887ae.maf.gz,0.75,95,55,0.578947,0.896798,0.62941
source_maf,4d9c992e-858c-4635-9bfd-6c8cfa499e87.maf.gz,0.75,64,15,0.234375,0.307336,0.388334
source_maf,4dae418b-0691-429a-9f78-56b52c812c2e.maf.gz,0.75,56,27,0.482143,0.72163,0.603737
source_maf,4de58545-568a-4f9b-ae77-c9a5b9bc6161.maf.gz,0.75,70,63,0.9,0.987777,0.896431
source_maf,4ebacb5d-3778-4923-b871-b1ce7a849bdf.maf.gz,0.75,55,13,0.236364,0.434501,0.451313
source_maf,4f118894-652d-4ba4-b109-60e741dffc8b.maf.gz,0.75,50,35,0.7,0.899562,0.715891
source_maf,4f4c30a2-cc49-4993-b861-8a1c3c38020f.maf.gz,0.75,1162,602,0.518072,0.78269,0.614423
source_maf,4fb5d2c0-4c3b-4f6b-ace9-6fb918623a8e.maf.gz,0.75,59,17,0.288136,0.425261,0.457213
source_maf,5051a15b-c08f-43ae-8b2d-e1f41b74a5a2.maf.gz,0.75,59,15,0.254237,0.425172,0.475154
source_maf,52120fe0-d881-4d57-a0d0-904792697462.maf.gz,0.75,46,27,0.586957,0.833639,0.629563
source_maf,523e6728-6954-4f10-9ca3-2beb93a00eaa.maf.gz,0.75,59,38,0.644068,0.88822,0.714288
source_maf,5287d32b-dccd-4e98-8bd8-cfb2db0e1149.maf.gz,0.75,60,34,0.566667,0.8035,0.649147
source_maf,52d7f132-edd2-4592-81af-7c638a01b49b.maf.gz,0.75,38,27,0.710526,0.968987,0.763321
source_maf,531e9f35-4b1d-43b3-abbf-9f055996a733.maf.gz,0.75,38,19,0.5,0.753544,0.579381
source_maf,5442f31d-8273-4f6c-aa47-72b5b0cbb198.maf.gz,0.75,50,27,0.54,0.761615,0.626523
source_maf,5466be78-b711-4c31-b2ca-913ffe75fbf2.maf.gz,0.75,68,41,0.602941,0.863376,0.668862
source_maf,548fcdcc-9713-4fc5-b91c-19971426cb12.maf.gz,0.75,39,27,0.692308,0.97388,0.725889
source_maf,54904499-a62d-4501-a4ea-044340a35284.maf.gz,0.75,107,59,0.551402,0.824881,0.597995
source_maf,549673a1-ffd5-4018-8c3d-1da6cada340e.maf.gz,0.75,48,45,0.9375,0.983781,0.93472
source_maf,550e98a3-df48-47a7-8e28-d652ba87f796.maf.gz,0.75,47,40,0.851064,0.961585,0.843403
source_maf,55a52a05-a004-49d1-8518-f93777499ea1.maf.gz,0.75,65,34,0.523077,0.837189,0.603373
source_maf,5658815c-0a91-42cd-9b3e-b88765db50ed.maf.gz,0.75,53,22,0.415094,0.509843,0.498309
source_maf,56cd0c03-cc81-402f-b725-034f0906e116.maf.gz,0.75,56,43,0.767857,0.971569,0.775634
source_maf,56dd93b9-a8db-4b37-9a09-35a977fc6636.maf.gz,0.75,51,22,0.431373,0.580418,0.50204
source_maf,574b1c64-de0a-43f8-82fa-50722ef99c7e.maf.gz,0.75,96,44,0.458333,0.69747,0.564456
source_maf,5971903c-b88a-4848-bd4a-47ed0347e8a3.maf.gz,0.75,89,63,0.707865,0.955781,0.740197
source_maf,59cf743e-2e9d-4828-ba83-3bbf1e230962.maf.gz,0.75,48,38,0.791667,0.962142,0.813445
source_maf,5a6289cb-5343-41ad-a992-05a5e3314a0a.maf.gz,0.75,66,37,0.560606,0.857176,0.671997
source_maf,5aaa6f2e-d192-4b5d-afb4-e60bfa0c64e8.maf.gz,0.75,72,44,0.611111,0.849581,0.666962
source_maf,5c54653d-200f-43c1-bdf9-44cdc687ab57.maf.gz,0.75,63,46,0.730159,0.916407,0.771546
source_maf,5ce1ed90-035b-4289-a7e2-e23b7ec571d5.maf.gz,0.75,47,40,0.851064,0.973083,0.835122
source_maf,5d0799f7-43b6-4321-93bd-313fde9f010f.maf.gz,0.75,352,200,0.568182,0.859834,0.651329
source_maf,5dadaf79-98f2-45ed-a944-62df84b9ce8f.maf.gz,0.75,41,37,0.902439,0.976738,0.8827
source_maf,5f2ab765-06a8-4071-abdd-43955592a655.maf.gz,0.75,63,27,0.428571,0.638989,0.572743
source_maf,60ba3a2b-e2b1-4fd2-9511-fba63245639f.maf.gz,0.75,55,30,0.545455,0.841979,0.663452
source_maf,60be0185-e60d-4d88-b7d5-e1ba22ef928a.maf.gz,0.75,55,16,0.290909,0.27282,0.392569
source_maf,615a2810-bb54-4bac-834e-4a07ed36e1bc.maf.gz,0.75,52,38,0.730769,0.944115,0.764072
source_maf,6168b1f3-8ebc-464d-af0c-01e85c82c96b.maf.gz,0.75,58,31,0.534483,0.794808,0.59151
source_maf,6169a6ba-4f56-427e-845b-b3ced5ae150d.maf.gz,0.75,30,19,0.633333,0.927785,0.672298
source_maf,61f9881e-d373-48b0-b1bf-dada749fa2f8.maf.gz,0.75,46,24,0.521739,0.822469,0.595361
source_maf,62738274-1ebe-463d-806f-f472c4d08293.maf.gz,0.75,54,21,0.388889,0.479055,0.483629
source_maf,637c1b5f-db7e-4784-a469-2482a2466874.maf.gz,0.75,81,62,0.765432,0.969506,0.807708
source_maf,63a8bde0-97ff-4baa-8cc5-96a3ee8d913a.maf.gz,0.75,59,31,0.525424,0.773498,0.617684
source_maf,63fbb9a5-d153-48d0-8be9-60db3c39e595.maf.gz,0.75,35,24,0.685714,0.961892,0.717792
source_maf,646aef9e-a618-43e7-8b1e-277cda66efac.maf.gz,0.75,39,15,0.384615,0.660193,0.514508
source_maf,660ecea7-71bd-41af-9004-98a2a14785c6.maf.gz,0.75,60,31,0.516667,0.766357,0.604181
source_maf,6687e812-0842-4985-aaec-25be8f0582f4.maf.gz,0.75,69,42,0.608696,0.860575,0.696088
source_maf,66b08835-b79f-480b-a475-1f0d23d01217.maf.gz,0.75,70,24,0.342857,0.580092,0.54409
source_maf,6727a27f-b9fd-4c23-848c-23acd50c9724.maf.gz,0.75,99,41,0.414141,0.50764,0.493056
source_maf,6751daba-2b0f-418a-b1eb-58fd9330369e.maf.gz,0.75,48,37,0.770833,0.967483,0.780275
source_maf,67fe3e80-70c3-4452-a3d7-0851e010ed9e.maf.gz,0.75,60,24,0.4,0.632941,0.535919
source_maf,687c664e-9f6c-42e3-98c3-12d9010675bd.maf.gz,0.75,15,10,0.666667,0.88227,0.649152
source_maf,690a5936-5f30-48b6-b9c9-6e192aa414d7.maf.gz,0.75,36,13,0.361111,0.00084,0.402359
source_maf,6a15ce9c-18d5-479f-b0d7-ad313c68741f.maf.gz,0.75,59,19,0.322034,0.451836,0.480698
source_maf,6b46c429-8a24-4156-ba12-66d592b83c97.maf.gz,0.75,57,26,0.45614,0.669153,0.576365
source_maf,6b5d4411-63ed-42dd-95fa-cd55b7c168ce.maf.gz,0.75,68,39,0.573529,0.848122,0.650611
source_maf,6bdda52a-52a2-4147-bd6f-f7c86ede2a88.maf.gz,0.75,57,24,0.421053,0.653049,0.53453
source_maf,6e407da3-12c4-4fe6-80cc-d213a72088cb.maf.gz,0.75,20,15,0.75,0.966791,0.742823
source_maf,6e454eca-1765-45b7-be47-89ed656717ee.maf.gz,0.75,50,27,0.54,0.875694,0.549961
source_maf,6e8dd681-42b0-4569-91b0-2b7da64845fa.maf.gz,0.75,61,20,0.327869,0.582242,0.571875
source_maf,6f560343-1ad3-4e32-a581-a6871b6fa612.maf.gz,0.75,55,21,0.381818,0.449216,0.502672
source_maf,6fd169e5-a79b-405f-8c4e-b20a03d8a4a9.maf.gz,0.75,47,12,0.255319,0.278309,0.406652
source_maf,70102d73-26b4-4978-92e1-9dc84b20e115.maf.gz,0.75,119,55,0.462185,0.529096,0.503403
source_maf,704eff30-2fa2-4e1d-a547-30558683e9b0.maf.gz,0.75,55,35,0.636364,0.862767,0.691831
source_maf,7087c9cf-3f02-4823-b7fe-f40e5ae84cad.maf.gz,0.75,51,20,0.392157,0.436637,0.465125
source_maf,70bc66e7-bb86-4c9c-93ad-e8c3b91477e3.maf.gz,0.75,51,42,0.823529,0.979986,0.82704
source_maf,712ed64e-c763-4741-8fdc-a0b0f5c542fe.maf.gz,0.75,69,55,0.797101,0.976856,0.812799
source_maf,71fc7244-33c9-4e24-b9f7-cb5a68449298.maf.gz,0.75,27,22,0.814815,0.971424,0.837356
source_maf,7296556a-d904-4a9f-a863-040e36379fb1.maf.gz,0.75,70,63,0.9,0.985837,0.895278
source_maf,73fe0425-d669-4f44-b1f5-7724049331d5.maf.gz,0.75,41,32,0.780488,0.96542,0.811084
source_maf,74551f2b-cd10-4434-816f-49ab375e930e.maf.gz,0.75,68,36,0.529412,0.793171,0.592111
source_maf,75b37359-9796-4291-bfb0-5dcd60fabb7c.maf.gz,0.75,91,64,0.703297,0.94819,0.768691
source_maf,7682e0ce-e404-4c3e-acd2-126d5c7f57e9.maf.gz,0.75,49,26,0.530612,0.778633,0.650053
source_maf,768ad713-cad3-4fbf-84b6-41974aabb872.maf.gz,0.75,77,25,0.324675,0.430485,0.465917
source_maf,76aba3c0-a81a-4f85-abe9-e02484fdf857.maf.gz,0.75,38,32,0.842105,0.978355,0.855892
source_maf,77386e4e-8e68-4074-b043-3f083522e990.maf.gz,0.75,56,26,0.464286,0.656918,0.533674
source_maf,78271628-3f5a-4b99-a1e4-ccfd1fbdc2f8.maf.gz,0.75,99,77,0.777778,0.987215,0.79639
source_maf,78333a0f-2bd0-4d4f-b726-2dfa75fcc9de.maf.gz,0.75,87,31,0.356322,0.444681,0.465032
source_maf,7a94d2da-c8fd-483a-a1d3-4887eee51f40.maf.gz,0.75,49,25,0.510204,0.804711,0.581002
source_maf,7abc238e-2980-4638-98be-11df3ea12736.maf.gz,0.75,109,75,0.688073,0.896822,0.727885
source_maf,7b732dc5-7957-4828-968d-028f80b8adfd.maf.gz,0.75,70,47,0.671429,0.91139,0.67194
source_maf,7bb0a596-b16d-4456-8777-5644b9945708.maf.gz,0.75,69,51,0.73913,0.966262,0.757701
source_maf,7cbef184-20d5-4055-815d-78c5e20e9e32.maf.gz,0.75,27,21,0.777778,0.968725,0.798423
source_maf,7cff630c-060e-4542-b25e-a0308c0a7ac3.maf.gz,0.75,29,13,0.448276,0.705219,0.583271
source_maf,7ecedf92-8532-410c-b656-f92a90551c14.maf.gz,0.75,60,27,0.45,0.647694,0.515482
source_maf,7f1428fe-002e-4394-b60e-9af1049fa583.maf.gz,0.75,48,11,0.229167,0.205295,0.357287
source_maf,808c2c8e-3355-4738-8904-d8b83be771cb.maf.gz,0.75,67,19,0.283582,0.25535,0.38756
source_maf,80d1a4e0-d6be-4289-b174-76e56bcb1950.maf.gz,0.75,77,34,0.441558,0.595514,0.545025
source_maf,8116383b-2bdc-43d8-ab24-e31790988e47.maf.gz,0.75,80,77,0.9625,0.989503,0.94304
source_maf,81829065-6f06-4493-902a-8bd716d764b0.maf.gz,0.75,58,46,0.793103,0.966699,0.804714
source_maf,82413c0b-31b3-4a81-b470-ba7c7b1d5c53.maf.gz,0.75,47,37,0.787234,0.981835,0.801567
source_maf,82414dc1-c28d-40da-9cdb-71f6c19a5044.maf.gz,0.75,52,13,0.25,0.159886,0.348206
source_maf,830157d1-4b29-4766-ae58-9a4de26e3eff.maf.gz,0.75,57,24,0.421053,0.610989,0.526348
source_maf,8336c6af-ead1-487d-b435-a03c975da54e.maf.gz,0.75,69,60,0.869565,0.966373,0.852595
source_maf,83cba63a-ed43-434e-ab3e-7731d5485415.maf.gz,0.75,54,46,0.851852,0.971693,0.848699
source_maf,85395525-14b6-44aa-998d-9f2cbc0797bf.maf.gz,0.75,59,9,0.152542,0.276725,0.389852
source_maf,85d307c7-1f44-48f2-8905-208394d4eb88.maf.gz,0.75,79,37,0.468354,0.657358,0.541518
source_maf,8620a956-df26-43be-a00a-be75192167b6.maf.gz,0.75,61,36,0.590164,0.854098,0.697054
source_maf,863745a2-1fe2-47b6-bba7-63eaf68b66ce.maf.gz,0.75,94,46,0.489362,0.715514,0.53912
source_maf,865ea30d-9fdb-4999-8007-d8e09e639d38.maf.gz,0.75,61,57,0.934426,0.990242,0.912379
source_maf,8669f0e9-fdaf-49d8-ae2f-7970c9b3bf77.maf.gz,0.75,72,51,0.708333,0.945303,0.782924
source_maf,8755916d-6481-4ca2-a5f4-5c542c7e5c93.maf.gz,0.75,58,30,0.517241,0.756526,0.676764
source_maf,884d91e4-587c-404b-8464-5ff48cf943ec.maf.gz,0.75,51,29,0.568627,0.861239,0.662786
source_maf,885ab22d-4674-4647-a31d-9501d23d5828.maf.gz,0.75,49,31,0.632653,0.930777,0.694913
source_maf,8a3d3c86-da43-4101-baf2-b7ee2c52a471.maf.gz,0.75,78,43,0.551282,0.852685,0.611834
source_maf,8ba65fea-e5aa-4560-ab7d-d86d25c699fe.maf.gz,0.75,62,19,0.306452,0.278182,0.415613
source_maf,8bc61d46-10ae-424a-9a1f-bcbb8f72a716.maf.gz,0.75,37,18,0.486486,0.706638,0.573108
source_maf,8dc78176-3091-4ff9-84df-437a0197b342.maf.gz,0.75,32,16,0.5,0.718154,0.577349
source_maf,8de11478-834a-42f0-ab0b-090d06b12b8d.maf.gz,0.75,121,101,0.834711,0.972414,0.844114
source_maf,8e323af2-20b1-4fcb-b5df-313d504a0f57.maf.gz,0.75,30,7,0.233333,0.177479,0.356755
source_maf,8e9c7c74-8713-4244-adfa-11f7f9054754.maf.gz,0.75,56,44,0.785714,0.969656,0.799954
source_maf,90d0cbc4-ce38-47ce-a99d-2f3021aee987.maf.gz,0.75,43,28,0.651163,0.907967,0.698437
source_maf,910c26fb-e184-4cce-b956-061e3ceeec92.maf.gz,0.75,63,46,0.730159,0.943061,0.750957
source_maf,91c1b5cc-a131-417e-bfe3-8b29e7b63c0d.maf.gz,0.75,63,13,0.206349,0.233329,0.36646
source_maf,923df8d2-fcdb-4596-9132-f72b2ff913aa.maf.gz,0.75,58,27,0.465517,0.700716,0.596303
source_maf,927c2f24-7d49-4532-9e3a-82319af8b926.maf.gz,0.75,72,15,0.208333,0.20811,0.338432
source_maf,92bcfa52-461e-4f8e-803f-bf914b5bfbd0.maf.gz,0.75,86,46,0.534884,0.826757,0.54469
source_maf,935f45b4-5061-40e9-952e-9b402a535685.maf.gz,0.75,41,24,0.585366,0.910367,0.604507
source_maf,9371b8de-e9b6-4392-b1dd-bc85a5881cb5.maf.gz,0.75,42,12,0.285714,0.394254,0.460963
source_maf,93cc0e41-08c7-4bd9-a910-3fafb9deadf8.maf.gz,0.75,65,18,0.276923,0.467209,0.463622
source_maf,94b019d9-8165-4c00-a5db-8cbc5f8bd4d2.maf.gz,0.75,78,67,0.858974,0.975626,0.853714
source_maf,95560c2c-9a9c-4cb4-9cdd-50fbd03f3265.maf.gz,0.75,53,13,0.245283,0.114749,0.324666
source_maf,95811b8d-1aff-4820-a9a2-5c04fa566754.maf.gz,0.75,44,35,0.795455,0.941188,0.812599
source_maf,966b6c18-c83e-4400-8b65-a6025b6dbbaa.maf.gz,0.75,27,24,0.888889,0.986568,0.884981
source_maf,97a040ad-48f0-4579-b812-47e08f0bfb5f.maf.gz,0.75,58,33,0.568966,0.785299,0.594886
source_maf,97b8d9ce-1c3f-4086-a2e2-87e9fc94777c.maf.gz,0.75,84,44,0.52381,0.808464,0.612188
source_maf,99c228a0-02df-46f2-a095-68e72e53b159.maf.gz,0.75,15171,9517,0.627315,0.970634,0.687791
source_maf,9b68ee94-38a4-440f-b8d2-f73e5be5e364.maf.gz,0.75,50,9,0.18,0.354318,0.40489
source_maf,9bcd45ef-9e0f-45ac-af5f-2fdfd4227503.maf.gz,0.75,62,24,0.387097,0.620613,0.528789
source_maf,9bfc590f-8fd6-4a9c-88e0-081d7fafef44.maf.gz,0.75,64,46,0.71875,0.934598,0.768935
source_maf,9d535616-d2a2-443a-bc0f-e496a23e387f.maf.gz,0.75,78,27,0.346154,0.34901,0.439809
source_maf,9d651d40-d8f4-453d-b69d-6d7acaef57d3.maf.gz,0.75,85,23,0.270588,0.338198,0.38417
source_maf,9e447a67-1599-4a0d-9311-cb9651f15bdd.maf.gz,0.75,42,32,0.761905,0.976177,0.790886
source_maf,9ef716e0-da13-4464-b552-86067534f62d.maf.gz,0.75,60,37,0.616667,0.874079,0.690945
source_maf,a06e4fa4-9887-4a0c-acab-99b0aa63794e.maf.gz,0.75,54,20,0.37037,0.308571,0.448414
source_maf,a079e690-4318-4b3e-bf51-7c1d55700dbc.maf.gz,0.75,52,27,0.519231,0.828379,0.589611
source_maf,a1b4de36-90e2-45b4-b4b7-7df6cce21def.maf.gz,0.75,81,58,0.716049,0.965657,0.762985
source_maf,a3c600d0-a324-45de-bdba-02f441515da6.maf.gz,0.75,48,15,0.3125,0.459165,0.448164
source_maf,a3d17660-244f-49f4-99fb-1510b99cb6b4.maf.gz,0.75,37,8,0.216216,0.045929,0.298959
source_maf,a3d7ea4e-dd44-449a-a766-217f6fd215f3.maf.gz,0.75,75,60,0.8,0.936042,0.804777
source_maf,a3ea7a9f-7859-47bd-8288-04d5915ced86.maf.gz,0.75,54,42,0.777778,0.982115,0.783301
source_maf,a46c5c7b-7c96-47b0-bfd9-a5a30cd99ee6.maf.gz,0.75,81,56,0.691358,0.937308,0.747364
source_maf,a489e954-de4b-4be5-8805-2e81fb3f2652.maf.gz,0.75,48,25,0.520833,0.769169,0.563867
source_maf,a49f969a-d956-42fb-b61e-299f64000dbb.maf.gz,0.75,56,41,0.732143,0.921765,0.73149
source_maf,a53c752a-f6b8-4e0c-993f-732b9128bf50.maf.gz,0.75,52,30,0.576923,0.951022,0.606602
source_maf,a5401e43-fa8c-4765-88a1-c5bd0dc20b37.maf.gz,0.75,196,120,0.612245,0.92945,0.627034
source_maf,a5686190-7ff9-421e-abf6-e30c45d38535.maf.gz,0.75,99,67,0.676768,0.92156,0.709072
source_maf,a5d28348-c7cc-4e1c-a7bf-962c328d3d77.maf.gz,0.75,93,68,0.731183,0.90302,0.774261
source_maf,a6324d34-baf0-456d-a40d-7f5504e0630d.maf.gz,0.75,36,22,0.611111,0.864102,0.712173
source_maf,a6bfa06b-e42f-4c1e-9e07-2b3a7f28905e.maf.gz,0.75,63,38,0.603175,0.858002,0.676842
source_maf,a7280605-858e-4595-82db-e7508d9a8f57.maf.gz,0.75,196,30,0.153061,0.0,0.194557
source_maf,a836c839-cd3f-442a-9bdb-33e4e59b4ade.maf.gz,0.75,48,31,0.645833,0.897061,0.667578
source_maf,a84008d1-f3b6-43f3-b60a-52c13c6bc4bb.maf.gz,0.75,33,28,0.848485,0.990748,0.853191
source_maf,a8b91887-6067-409a-a9c3-f40d84f7a1fb.maf.gz,0.75,36,28,0.777778,0.979998,0.793551
source_maf,a9c9f82a-92d3-4efb-a5ef-e5527e4bb9ed.maf.gz,0.75,53,27,0.509434,0.784637,0.618325
source_maf,a9e4beea-4851-43dd-bbba-58139b6bc034.maf.gz,0.75,59,33,0.559322,0.857808,0.571861
source_maf,a9e9f0cd-4bcf-4f78-b4bb-88ec6174295b.maf.gz,0.75,57,45,0.789474,0.964962,0.796208
source_maf,aa29f2d7-b5fd-4c81-bdce-63df0c102c0c.maf.gz,0.75,41,23,0.560976,0.811084,0.718245
source_maf,aa3557b6-96ee-4e78-8c8d-e1a7d81df44a.maf.gz,0.75,60,22,0.366667,0.565204,0.526096
source_maf,aa35bff0-d512-4012-91b7-1757d531c654.maf.gz,0.75,67,50,0.746269,0.953139,0.76828
source_maf,aaa65ead-b512-4aab-b69a-64c904603c96.maf.gz,0.75,41,26,0.634146,0.920492,0.673845
source_maf,aabb9bae-83c0-4076-948f-ff5f4631af58.maf.gz,0.75,55,42,0.763636,0.971172,0.803827
source_maf,ac305450-994f-47e3-9196-341b3e8f21f3.maf.gz,0.75,43,32,0.744186,0.964985,0.780872
source_maf,ac6480bd-d570-45a4-8592-fee769363dd6.maf.gz,0.75,48,29,0.604167,0.903064,0.674487
source_maf,ac9bf788-25ee-4d1c-902a-3d00a8e61cfb.maf.gz,0.75,64,13,0.203125,0.343722,0.384224
source_maf,ad7776f0-f4c1-4275-abc8-02fb19ff6df6.maf.gz,0.75,85,58,0.682353,0.915711,0.682366
source_maf,ad893105-43cd-4ae8-bf96-4597e2eb1922.maf.gz,0.75,112,76,0.678571,0.898855,0.743115
source_maf,ae44838b-6db1-421d-b7b4-aee7a7933985.maf.gz,0.75,97,76,0.783505,0.970184,0.789368
source_maf,af29cb03-921e-40ff-a81b-55f0a0d25ac5.maf.gz,0.75,34,29,0.852941,0.960329,0.811757
source_maf,aff5eda3-29ea-41ad-9867-8f97b83593fa.maf.gz,0.75,12,5,0.416667,0.024017,0.40439
source_maf,b0e8e380-5777-4f65-89ff-fd91e58a6cdf.maf.gz,0.75,28,10,0.357143,0.240156,0.425455
source_maf,b0fed6aa-f40e-4092-a061-a8697dbb40db.maf.gz,0.75,78,24,0.307692,0.242831,0.387847
source_maf,b1e9ee87-fe9c-4e8c-8e45-3dbbb4b2e0d8.maf.gz,0.75,88,75,0.852273,0.985229,0.871369
source_maf,b25dc783-1dac-420f-b90c-5845e2e3996f.maf.gz,0.75,44,18,0.409091,0.59993,0.495433
source_maf,b29551e7-e05c-4a3b-b65d-2df3535bf0a4.maf.gz,0.75,77,54,0.701299,0.911569,0.690384
source_maf,b2effc6a-808e-4ed2-8b2d-f768167f24c6.maf.gz,0.75,75,22,0.293333,0.327983,0.417695
source_maf,b376b8c8-e62a-48e6-b943-090e3610c14a.maf.gz,0.75,54,11,0.203704,0.047665,0.311242
source_maf,b39c8875-5612-4ef5-9f9b-c78a72b01ea6.maf.gz,0.75,34,15,0.441176,0.482836,0.535026
source_maf,b3d93020-5118-4a15-9f91-c6923819ecfb.maf.gz,0.75,46,9,0.195652,0.268936,0.363859
source_maf,b423aa19-49ba-435c-9e91-339069c75ed2.maf.gz,0.75,90,59,0.655556,0.855767,0.71725
source_maf,b42cf2f6-b675-45e2-9f0a-5a9a0f836c92.maf.gz,0.75,46,10,0.217391,0.049087,0.298498
source_maf,b4591111-97c2-4606-9c99-e928ec4728a3.maf.gz,0.75,59,18,0.305085,0.606329,0.5015
source_maf,b4896a6c-3156-4948-bed8-68df6efb4120.maf.gz,0.75,59,18,0.305085,0.387719,0.460948
source_maf,b49b766f-5865-4715-a1e2-c513f9e45c81.maf.gz,0.75,35,6,0.171429,0.014495,0.299731
source_maf,b4df06fc-288f-4ba3-a17b-8f278bcff1f6.maf.gz,0.75,53,26,0.490566,0.736038,0.572256
source_maf,b55319e9-2dd7-4ef4-803f-6e2651cc5299.maf.gz,0.75,62,28,0.451613,0.524751,0.545731
source_maf,b586a5f4-47f0-4583-b725-4076fde0efc9.maf.gz,0.75,57,23,0.403509,0.506367,0.503098
source_maf,b6ccb27d-4af1-42f9-a2ea-d5fdf8127830.maf.gz,0.75,187,112,0.59893,0.858734,0.645946
source_maf,b730dd94-2a2d-4fef-9bf7-d3ee4b5c2003.maf.gz,0.75,63,27,0.428571,0.641703,0.55114
source_maf,b77d6cc4-83b0-4292-9e17-3b93be126eed.maf.gz,0.75,54,31,0.574074,0.840344,0.693607
source_maf,b918ab6e-cfec-40e8-af6e-fdaabfe04148.maf.gz,0.75,35,20,0.571429,0.866916,0.615066
source_maf,ba239c50-70bd-47fc-9390-fd41c803a5ca.maf.gz,0.75,58,45,0.775862,0.961979,0.775278
source_maf,ba398aa0-52ca-43c4-8ea8-d3774333ef30.maf.gz,0.75,64,24,0.375,0.370865,0.478605
source_maf,ba3d4162-e515-4791-8370-ddadef99e1bf.maf.gz,0.75,52,22,0.423077,0.623469,0.616203
source_maf,bc444bb7-6254-4a11-9fc0-0b4324020927.maf.gz,0.75,33,16,0.484848,0.667767,0.541013
source_maf,bcba526f-1416-4f49-8a3e-bd04af0c49f9.maf.gz,0.75,40,23,0.575,0.858696,0.614664
source_maf,bcf0f482-a35f-45da-be4b-e3773c11c106.maf.gz,0.75,66,31,0.469697,0.730045,0.580554
source_maf,bd9365e1-55cb-455e-a23b-7cbabb9e1e52.maf.gz,0.75,99,51,0.515152,0.787156,0.587441
source_maf,bd9988c2-3c4a-4601-89c8-2f4202663841.maf.gz,0.75,53,24,0.45283,0.671903,0.559605
source_maf,bed6e03a-d800-48d3-a1df-fb39f1c70aae.maf.gz,0.75,72,41,0.569444,0.886322,0.597462
source_maf,beef6d8f-5519-4002-9159-b17977a383e6.maf.gz,0.75,59,31,0.525424,0.83732,0.636611
source_maf,bf03b827-8f2e-4e3b-a8e9-c39c549ae2a7.maf.gz,0.75,70,34,0.485714,0.738152,0.651054
source_maf,bf7c0694-20b7-473d-b28f-0940878a3af7.maf.gz,0.75,41,25,0.609756,0.842415,0.637912
source_maf,bf84ce29-6631-43bc-979b-426350d89d95.maf.gz,0.75,71,61,0.859155,0.989615,0.867004
source_maf,bf9d54fb-5e3d-4d5e-b978-469a3d08ebf9.maf.gz,0.75,86,77,0.895349,0.988351,0.892001
source_maf,bffc3787-ea5a-4648-b9a3-2c073e0a9f86.maf.gz,0.75,50,38,0.76,0.932906,0.78931
source_maf,c096fc52-ada4-4592-9407-773816340d21.maf.gz,0.75,82,53,0.646341,0.956651,0.731683
source_maf,c10d784f-5c6d-49c2-ac73-fdc65efbcdb3.maf.gz,0.75,40,21,0.525,0.790325,0.670094
source_maf,c119d8f6-4bc9-40b5-83c3-6558dc5fe50d.maf.gz,0.75,57,27,0.473684,0.705172,0.520833
source_maf,c1791fc4-2217-4b61-b9db-9a5881646512.maf.gz,0.75,69,25,0.362319,0.50707,0.491134
source_maf,c18b9858-b318-4a68-bf8d-b517b1c0c40f.maf.gz,0.75,67,17,0.253731,0.159793,0.335873
source_maf,c1be172c-a97d-4ca0-b355-fd7dce713853.maf.gz,0.75,88,35,0.397727,0.592215,0.537881
source_maf,c1bed8e7-37a4-497c-9aee-4a37d51fb492.maf.gz,0.75,44,31,0.704545,0.937086,0.772702
source_maf,c1d0ab2d-3330-4816-a710-be6d38d43be5.maf.gz,0.75,63,20,0.31746,0.16426,0.396757
source_maf,c21dda6d-51c2-46d7-89f5-016bd8a9d674.maf.gz,0.75,69,40,0.57971,0.824124,0.631458
source_maf,c231c1a3-e5e8-4aed-93db-edeb2d563aa3.maf.gz,0.75,51,45,0.882353,0.976841,0.871358
source_maf,c24e2723-b3c7-4240-a19c-2c50b62c9a91.maf.gz,0.75,45,33,0.733333,0.978895,0.761291
source_maf,c2ba3a0e-2743-4e83-be36-2350e30e62ff.maf.gz,0.75,52,27,0.519231,0.758267,0.629994
source_maf,c2cc4832-6263-490b-bb5a-43db4ef13eac.maf.gz,0.75,50,28,0.56,0.81022,0.657451
source_maf,c2e54cc7-fc3f-4928-9675-25e245e2c5d4.maf.gz,0.75,39,15,0.384615,0.602487,0.508838
source_maf,c3581ef2-1b14-4694-8da7-3f9243fb01af.maf.gz,0.75,28,8,0.285714,0.296774,0.434335
source_maf,c3c62150-6ee9-4ebd-b86b-9acce8d00999.maf.gz,0.75,63,38,0.603175,0.870617,0.644576
source_maf,c47801c6-baf7-47ef-91eb-7ed3e0c45ccb.maf.gz,0.75,38,27,0.710526,0.974356,0.740454
source_maf,c504b477-f051-43ed-bb74-5cd185caefb3.maf.gz,0.75,60,16,0.266667,0.305193,0.404109
source_maf,c5e59a22-4518-4085-8316-860c1cbe5f4c.maf.gz,0.75,50,20,0.4,0.634632,0.606701
source_maf,c6d99347-e742-4b55-9ee9-9659e6de4445.maf.gz,0.75,61,25,0.409836,0.345979,0.443692
source_maf,c6e42df2-7ffd-46ce-955b-afe46a4f3d02.maf.gz,0.75,70,61,0.871429,0.94226,0.86424
source_maf,c6f474a2-2efd-4097-aaa8-86cf9becf5c4.maf.gz,0.75,54,31,0.574074,0.849152,0.653765
source_maf,c6f68649-ee2d-4400-9b02-ae02f705c73a.maf.gz,0.75,42,25,0.595238,0.844962,0.729249
source_maf,c6fafca8-a2ca-4e8e-9257-68bbda4232dc.maf.gz,0.75,55,12,0.218182,0.400105,0.422473
source_maf,c70b1e23-66db-46d3-9c94-33cf2acfbb5c.maf.gz,0.75,73,39,0.534247,0.797835,0.577935
source_maf,c74b245d-010c-4ce7-8506-0e821c2408f8.maf.gz,0.75,31,19,0.612903,0.948233,0.63936
source_maf,c99ec1f7-f635-4de5-8abc-8d7a790f6944.maf.gz,0.75,67,36,0.537313,0.79295,0.600747
source_maf,ca16ba46-fd07-4438-991c-7dd08efec0e7.maf.gz,0.75,48,21,0.4375,0.299698,0.454293
source_maf,ca831040-5eef-4f3b-aef4-5f84f247cd6a.maf.gz,0.75,64,25,0.390625,0.556129,0.518995
source_maf,cad1584c-d5d0-40ec-8825-8d5af56de233.maf.gz,0.75,38,16,0.421053,0.655633,0.580993
source_maf,cb1975ee-20dc-4492-b04d-ab1c1c36a66d.maf.gz,0.75,52,19,0.365385,0.50779,0.512665
source_maf,cbb82ca3-8ba5-4d07-b99f-218ab36ac16f.maf.gz,0.75,84,40,0.47619,0.735958,0.54252
source_maf,cbd4aa41-f366-4093-b6e4-28aea63e83c7.maf.gz,0.75,94,71,0.755319,0.962866,0.776673
source_maf,cbffd96e-9ca7-4dea-be05-52fe81ada415.maf.gz,0.75,39,9,0.230769,0.473071,0.455314
source_maf,cd21f58c-a710-48b5-b69b-788575d80a33.maf.gz,0.75,676,325,0.480769,0.696756,0.551213
source_maf,cd827e34-1dc9-4b86-bd2e-6b437db18cdf.maf.gz,0.75,15,1,0.066667,8.1e-05,0.19693
source_maf,cda09677-0dcf-4b94-8187-a1d5da6edd7b.maf.gz,0.75,52,23,0.442308,0.512503,0.544852
source_maf,cebdfb08-9319-42df-942f-bee38568fc06.maf.gz,0.75,35,13,0.371429,0.647395,0.558583
source_maf,cf243734-2c6a-4d55-9b84-5700cd205e6d.maf.gz,0.75,19,3,0.157895,0.101416,0.258665
source_maf,cf45355c-a557-4f8b-8fdd-dadc157d4bb9.maf.gz,0.75,25,21,0.84,0.967995,0.805189
source_maf,cf4c4b30-5a6e-4a6c-9a20-70c44a1b54a4.maf.gz,0.75,75,27,0.36,0.560722,0.51839
source_maf,d0d495a4-1503-45bc-a683-b9a296c7d3a3.maf.gz,0.75,50,7,0.14,0.220882,0.31696
source_maf,d10addf6-d7d0-479a-98c4-0f832fd8f3ab.maf.gz,0.75,62,20,0.322581,0.30226,0.413694
source_maf,d1957b91-5a12-45d4-b9d4-b42384255d7e.maf.gz,0.75,73,39,0.534247,0.810503,0.633047
source_maf,d1c7b272-3f64-42d1-9bab-02d590a8796b.maf.gz,0.75,83,37,0.445783,0.641025,0.569937
source_maf,d21805b6-f571-42e2-ada1-4bbb8d85a143.maf.gz,0.75,38,29,0.763158,0.929629,0.782274
source_maf,d2eece18-dbed-49d3-b855-f7201e716e2f.maf.gz,0.75,49,30,0.612245,0.829579,0.647523
source_maf,d336cd05-a1a9-4d61-af68-a8ac23bb63a9.maf.gz,0.75,67,50,0.746269,0.958193,0.792179
source_maf,d387d308-e492-48d4-b5cc-090713697338.maf.gz,0.75,655,152,0.232061,0.0,0.249843
source_maf,d3b13f3b-c426-4c7b-874d-5f1508e9ddd9.maf.gz,0.75,86,52,0.604651,0.886235,0.660015
source_maf,d57980e1-b5f5-4dcc-80f8-dcf44e4a8662.maf.gz,0.75,92,29,0.315217,0.34614,0.440544
source_maf,d643a472-6934-4272-9bd0-6bd0c3160477.maf.gz,0.75,60,42,0.7,0.946235,0.706409
source_maf,d6d7c809-48fa-45a0-970b-eae2a4d91d5c.maf.gz,0.75,66,27,0.409091,0.602726,0.542142
source_maf,d75c53b6-1182-4c14-ac35-218c79eb71b2.maf.gz,0.75,30,22,0.733333,0.969376,0.725306
source_maf,d768978e-7ff1-4324-89ef-f39018a3cfae.maf.gz,0.75,53,37,0.698113,0.943496,0.709598
source_maf,d7b171dc-eafe-43da-8df6-a909cfd362b2.maf.gz,0.75,54,30,0.555556,0.912871,0.57247
source_maf,d82fdd83-9bbf-4624-80d9-2776b3c46432.maf.gz,0.75,91,34,0.373626,0.569762,0.541634
source_maf,d8510831-55df-4406-864f-7c9b5281fea8.maf.gz,0.75,57,35,0.614035,0.97425,0.666989
source_maf,d85839ef-a9ff-48f1-b5db-6df4bdff9aa0.maf.gz,0.75,73,61,0.835616,0.984816,0.83678
source_maf,d94721a7-f052-4faa-9011-df22db6e9996.maf.gz,0.75,69,51,0.73913,0.972772,0.75186
source_maf,d9530104-a89a-48ea-8e46-7d3b8fe40a12.maf.gz,0.75,44,34,0.772727,0.978345,0.786436
source_maf,da144c59-a31d-454f-9285-4f0cf3ed9ab6.maf.gz,0.75,64,22,0.34375,0.437787,0.453473
source_maf,dab48baf-bd1f-46e6-9cce-c11f986fd629.maf.gz,0.75,64,21,0.328125,0.383982,0.462265
source_maf,db06dd9b-c160-4fb4-8640-e4d2f57f39c2.maf.gz,0.75,36,17,0.472222,0.589486,0.571753
source_maf,db1fbb5b-b437-40de-b0a8-acfe3e05ea84.maf.gz,0.75,86,52,0.604651,0.891803,0.637043
source_maf,db364504-f4c0-43d5-bd7f-059bdfb9fe95.maf.gz,0.75,77,42,0.545455,0.838325,0.597175
source_maf,dc8ee3a4-493b-482b-84a1-7ca4d592a4c7.maf.gz,0.75,52,38,0.730769,0.989079,0.781141
source_maf,dc8ff953-cc9f-4971-adcd-4836e8d492bc.maf.gz,0.75,62,21,0.33871,0.388328,0.478009
source_maf,dcbb3ad7-7f0f-4b89-bbbf-b7ab6ae0243a.maf.gz,0.75,48,33,0.6875,0.957017,0.71966
source_maf,dd603750-0393-4824-a240-8ed0747a72ef.maf.gz,0.75,30,24,0.8,0.907412,0.7889
source_maf,de358404-0967-4b3c-a13f-4e7ce52395c9.maf.gz,0.75,42,33,0.785714,0.932803,0.763763
source_maf,de70eeab-850f-4cce-8695-9159b3cb29ca.maf.gz,0.75,52,29,0.557692,0.842401,0.624252
source_maf,dfb8bb92-e443-4e2b-b8ee-3d3de0c2e019.maf.gz,0.75,54,13,0.240741,0.121671,0.311719
source_maf,e11848f3-ddcd-49df-a69e-2d0f65afb805.maf.gz,0.75,60,26,0.433333,0.647247,0.518015
source_maf,e1990526-90a1-446a-adc8-c0f49db04bd7.maf.gz,0.75,55,41,0.745455,0.953372,0.736949
source_maf,e26969fe-c820-43c4-8059-9127218fcce0.maf.gz,0.75,153,57,0.372549,0.271317,0.428817
source_maf,e3ab8a16-2459-4e96-9053-943ed49bc494.maf.gz,0.75,54,11,0.203704,0.147073,0.327323
source_maf,e4073a90-f543-4905-a94a-1186af54ab91.maf.gz,0.75,106,78,0.735849,0.941837,0.74353
source_maf,e42ccfda-6013-4890-ad94-5c838fb8d211.maf.gz,0.75,38,9,0.236842,0.418295,0.430989
source_maf,e4b23974-99df-4788-bdc3-947dab6b1e19.maf.gz,0.75,50,44,0.88,0.975775,0.865928
source_maf,e4ff48bd-6763-4932-bd57-61c9f885765a.maf.gz,0.75,76,73,0.960526,0.980036,0.945153
source_maf,e59d3c7c-5d95-4cd1-96c5-071f5cbb3c30.maf.gz,0.75,49,29,0.591837,0.879095,0.624489
source_maf,e5d8e2ad-ee3d-4a33-95ce-a6facf515968.maf.gz,0.75,36,19,0.527778,0.831489,0.637427
source_maf,e70abc35-c771-4c74-b5b2-c4cbd54928ef.maf.gz,0.75,53,19,0.358491,0.503566,0.496123
source_maf,e78edf3e-3748-4417-8c9e-2c8d7764a38d.maf.gz,0.75,49,34,0.693878,0.898957,0.723014
source_maf,e7c6957d-567c-41e0-a3a2-7d852eabad76.maf.gz,0.75,90,57,0.633333,0.904711,0.693227
source_maf,e8820161-b06d-4cdc-8622-c3a7fcab6449.maf.gz,0.75,51,35,0.686275,0.922006,0.736381
source_maf,e8b1e3e0-25ce-4403-a7db-dff72f6a0edb.maf.gz,0.75,88,55,0.625,0.854523,0.681468
source_maf,ea9a935d-5d90-4ff9-ac1c-eec243a4aafa.maf.gz,0.75,32,26,0.8125,0.97378,0.839261
source_maf,eb0a970c-3704-4a31-966c-f9a086ab1351.maf.gz,0.75,45,24,0.533333,0.813984,0.63962
source_maf,eb746c48-50c7-47cf-a977-fb09ecb95dd1.maf.gz,0.75,44,13,0.295455,0.371712,0.448118
source_maf,eb84d4d0-423a-4d66-a5c8-41b287f623f8.maf.gz,0.75,43,19,0.44186,0.608564,0.546987
source_maf,ecb7a505-fa82-41a8-ad31-2b30537152db.maf.gz,0.75,77,40,0.519481,0.794038,0.617131
source_maf,ecda772b-48b7-49d8-92c1-6248a72f9454.maf.gz,0.75,27,18,0.666667,0.94286,0.642123
source_maf,ede4ff1e-dca1-4683-bd65-dcfe3cc5ef77.maf.gz,0.75,17,15,0.882353,0.970819,0.842057
source_maf,ee83bb3f-daf1-4a97-8e85-3987848ed0a1.maf.gz,0.75,45,31,0.688889,0.876981,0.727133
source_maf,eec60af6-0783-4ad2-99f4-8cbc0489871e.maf.gz,0.75,31,28,0.903226,0.97692,0.894809
source_maf,ef04461d-ec6b-45f4-af97-311f5a0f782e.maf.gz,0.75,22,17,0.772727,0.978926,0.754027
source_maf,ef4c96cc-d305-4629-b0da-61aac5772c0b.maf.gz,0.75,43,29,0.674419,0.919649,0.711907
source_maf,f05dd6d7-ba10-407e-81dd-59ab5f36346a.maf.gz,0.75,66,52,0.787879,0.946911,0.824713
source_maf,f14d1676-cfce-4c9f-ac3d-c2f9ee305777.maf.gz,0.75,16,14,0.875,0.927206,0.829495
source_maf,f201f479-0995-4a24-9fa3-c771d3ff57b6.maf.gz,0.75,33,24,0.727273,0.96873,0.710566
source_maf,f2c2e294-b401-44dc-8e4a-cb5294320a02.maf.gz,0.75,64,19,0.296875,0.38657,0.44854
source_maf,f2d1c09e-d1f2-4b33-818e-834176663a19.maf.gz,0.75,62,36,0.580645,0.831048,0.659804
source_maf,f40cccd7-de14-4295-86b7-aa8a318b0bbd.maf.gz,0.75,37,25,0.675676,0.885295,0.708575
source_maf,f4840a9e-4c0d-4aff-9d39-7e646868ef4f.maf.gz,0.75,62,56,0.903226,0.97078,0.862231
source_maf,f4bdefab-e3fd-4b5d-be2e-051c4f648673.maf.gz,0.75,50,18,0.36,0.338118,0.444303
source_maf,f53f587f-42f0-4d8b-8a4e-05247ca98f43.maf.gz,0.75,50,33,0.66,0.959961,0.657118
source_maf,f5ea864b-48c9-48f1-b05b-076377bc0b48.maf.gz,0.75,80,25,0.3125,0.40059,0.457475
source_maf,f5f3be64-9d6f-46f4-8bcc-fbf79828d223.maf.gz,0.75,40,31,0.775,0.944049,0.795034
source_maf,f6fc7704-fe43-4d46-ab9e-7d80c5ecad67.maf.gz,0.75,26,15,0.576923,0.846683,0.652815
source_maf,f760d0c4-e490-4c96-aa4f-9b217b2646c8.maf.gz,0.75,30,16,0.533333,0.872463,0.571877
source_maf,f77ec1a9-fce2-45c4-99d1-2229e945b414.maf.gz,0.75,66,58,0.878788,0.98995,0.87952
source_maf,f79f3ad9-df99-4a9f-b928-6e0243c9b8b9.maf.gz,0.75,46,16,0.347826,0.439382,0.450717
source_maf,f8d68fb9-a686-4af0-8d70-2087458e4596.maf.gz,0.75,49,24,0.489796,0.747735,0.601745
source_maf,fa27a283-77da-4e5b-9d9a-91c53144172c.maf.gz,0.75,53,16,0.301887,0.06804,0.359647
source_maf,fa361fc3-4377-4193-aad0-3690d3e6d8eb.maf.gz,0.75,54,45,0.833333,0.978569,0.831109
source_maf,fa5c54fa-00e6-45e8-b53b-65e61f4720bd.maf.gz,0.75,55,25,0.454545,0.688587,0.55528
source_maf,fbcb4dfc-b83d-4752-befc-f39e0cec02ba.maf.gz,0.75,152,89,0.585526,0.907409,0.639444
source_maf,fca0a4d1-d666-415e-9aed-315be5b0f5da.maf.gz,0.75,73,18,0.246575,0.265616,0.37956
source_maf,fcdfa3d7-efac-4f18-88cc-45a11267278c.maf.gz,0.75,54,21,0.388889,0.611479,0.515352
source_maf,fd467ad2-3e0e-4ba6-8f52-dccd210ef0f2.maf.gz,0.75,66,54,0.818182,0.948883,0.812875
source_maf,fd58f0a1-0534-485c-8e8b-4dd02b591e46.maf.gz,0.75,55,42,0.763636,0.93681,0.790672
source_maf,fe25ecca-4ea3-4aa8-a573-6eade92b5b45.maf.gz,0.75,43,33,0.767442,0.937873,0.821291
source_maf,fe362363-09b0-419f-847b-9d14f412e4d4.maf.gz,0.75,22,17,0.772727,0.977398,0.787846
source_maf,ff5c8b99-45a0-4ef4-b7a4-e35726bef117.maf.gz,0.75,77,23,0.298701,0.197945,0.37195
source_maf,ffa4c2fc-7937-4a47-a622-e88e90683055.maf.gz,0.75,67,13,0.19403,0.1695,0.320846
variant_classification,3'Flank,0.75,74,43,0.581081,0.90434,0.646054
variant_classification,3'UTR,0.75,106,62,0.584906,0.917439,0.647235
variant_classification,5'Flank,0.75,64,32,0.5,0.784329,0.563141
variant_classification,5'UTR,0.75,71,45,0.633803,0.942912,0.707596
variant_classification,IGR,0.75,1,1,1.0,0.991361,0.991361
variant_classification,Intron,0.75,488,259,0.530738,0.829248,0.589336
variant_classification,Missense_Mutation,0.75,34986,20018,0.572172,0.886684,0.636323
variant_classification,Nonsense_Mutation,0.75,2987,1766,0.591229,0.911545,0.65573
variant_classification,Nonstop_Mutation,0.75,19,9,0.473684,0.51816,0.491678
variant_classification,RNA,0.75,361,208,0.576177,0.909514,0.642278
variant_classification,Silent,0.75,12937,7130,0.551132,0.85735,0.615415
variant_classification,Splice_Region,0.75,343,192,0.559767,0.880247,0.610574
variant_classification,Splice_Site,0.75,700,398,0.568571,0.886913,0.627486
variant_classification,Translation_Start_Site,0.75,27,14,0.518519,0.779628,0.590917
