source_maf,rows_total,snv_rows_kept
00326327-8da5-4226-a894-2e4e1d5acd45.maf.gz,58,57
004897bf-5189-4d09-baa3-d45cdde4985a.maf.gz,55,49
009b4458-4158-41ef-816f-ed7e4eecba48.maf.gz,54,53
00a6589b-6c02-4b41-b363-fb5e7151675b.maf.gz,29,27
00c046a5-b243-4f40-b107-bcd1c07d0918.maf.gz,13,13
010427c5-94f5-4ba9-a77b-a480823733bd.maf.gz,59,55
01ca413a-63ae-4017-935c-a58195e73eea.maf.gz,40,36
0240d7a1-a06c-4647-879f-1441b64b4dd3.maf.gz,41,39
029fde2a-49ec-4047-9289-1a699b687b08.maf.gz,25,25
03dfb83a-f803-4380-8681-b3ebc2ffee29.maf.gz,32,28
0480797d-1ce6-46e4-8f27-b24c9597a052.maf.gz,107,100
0493f571-b732-4f33-9c57-b9b5762e7da1.maf.gz,55,52
04acaaaf-3c93-4014-afcb-741e5252b563.maf.gz,64,61
0507efd4-0190-4a86-a47c-9c9b724505d5.maf.gz,60,55
06328477-271c-466a-8f9b-ca227b31ce1b.maf.gz,48,44
0632d63a-1b51-434a-a074-a500e46c1859.maf.gz,95,86
06dd167b-3334-453e-a63f-dcd0f2c2e22a.maf.gz,49,46
07dd1a69-3283-4bd1-9ce6-c2709c80fd51.maf.gz,49,45
097a9469-48c7-477a-a769-cda7ff93271e.maf.gz,64,61
0bc5b7e8-ccfc-4d56-ab3b-12c25ed87754.maf.gz,75,73
0c36c15e-7a32-4d95-ae89-c35f4392a7d5.maf.gz,33,31
0c978002-6e44-491b-beaf-f1b87e6c2c1b.maf.gz,32,31
0d260c80-8a19-4d48-8ee1-6a4fb233d3bf.maf.gz,66,61
0d8a690c-503b-4db2-9c6d-129a12001917.maf.gz,68,66
0ddb96f5-835f-4653-be32-7272a248e00a.maf.gz,77,75
0e160d5a-1896-4bc3-89be-02550078b262.maf.gz,68,66
10b81151-18ef-4fb8-bc25-712e8b2943ad.maf.gz,3,3
10c42f7f-29aa-4e20-ba4a-b19d807ef40e.maf.gz,39,38
12ebb080-e96e-4145-a1c6-91df8bf6cb45.maf.gz,93,70
1307df0a-7e36-48c5-9bcc-5dd809293e30.maf.gz,152,108
13977324-1ded-4b06-8b6f-5605742d8d8d.maf.gz,39,37
146b341d-06f3-41b4-90c5-aece9556c240.maf.gz,103,100
147d062c-734c-4c7e-aa89-44881e425946.maf.gz,62,58
14824f7a-b8c6-4f81-9bd9-8068e4e1314d.maf.gz,54,53
14df70c2-824d-4767-8494-6675039f582c.maf.gz,51,48
14df9543-c061-4b33-aa2e-280cce4fe511.maf.gz,79,77
1560add0-ce57-46e5-b923-6622904f5b39.maf.gz,40,39
16a12858-dcc6-4b9d-86c8-08118dc6171d.maf.gz,68,66
178c6e9c-d5d9-42fb-b91a-ac6f83acafaa.maf.gz,51,50
17a8ed39-c0a6-4d80-a860-e129421a0f07.maf.gz,51,49
1854ea18-b3b5-4142-8161-e89c1e1f0e7d.maf.gz,1,1
192041a9-6ff6-4e10-94c8-12a31849a790.maf.gz,310,280
19b1ff0f-51f4-4719-9a05-532424ed9dcf.maf.gz,68,67
1a007aab-6c65-4cbc-8ffb-9385e91a4e78.maf.gz,79,78
1a873714-42c9-4cc4-88a7-6016f4cfa0e2.maf.gz,8107,8058
1a93ab83-8ce8-4a84-97d2-b7e365fcc227.maf.gz,48,45
1ab603d6-2f35-40c1-97db-6203398dfcda.maf.gz,36,32
1b5d8814-b944-4f6a-8258-1c6a4c49ba10.maf.gz,29,27
1b66b4e6-95bd-43f7-a45d-84e0b2a1e8a0.maf.gz,87,84
1b777c6b-074a-4d01-bd19-7dfe0b41a7c0.maf.gz,42,35
1b90129c-ac92-4f74-986b-6a1dc23c0c83.maf.gz,45,42
1be61e71-4eca-4251-84d1-b5eea0c61be0.maf.gz,82,79
1c129614-48ae-4bb6-904e-0ac64b39ea4a.maf.gz,67,45
1cf9d9a0-15c4-4809-adc8-d99a470cd01c.maf.gz,70,69
1e568cb0-e725-4d4b-9e11-e2c4aabe6ebe.maf.gz,56,55
1e9d3a4f-b9dd-4d02-94e5-d57ad695fed6.maf.gz,38,35
1eb430a9-c5ba-43f4-86fa-ff4db1241c85.maf.gz,85,56
1edcb635-0ddc-4276-b043-50b45971240b.maf.gz,52,49
1efae7be-1c7a-40ea-a620-e7d2851b35ce.maf.gz,44,43
210ed92f-448c-4b67-942d-c9c41d7ced06.maf.gz,645,598
21ae3762-ea7b-4b65-adc3-11f8f6406d83.maf.gz,55,55
2242451e-9382-43ad-916d-1ed9690e4130.maf.gz,55,51
22c8a8fd-ea19-4021-abd0-892391e3c70d.maf.gz,46,42
23d5c028-39f9-4bb5-8c18-377439391823.maf.gz,39,37
25ae6f57-797a-4fdd-a293-dc0efa1db330.maf.gz,54,52
26511721-713f-4f7d-bcf2-0045a2d6f5a2.maf.gz,43,40
26a5a0b2-cf81-404b-a266-3fcff784336e.maf.gz,75,74
26c6704d-5e59-466d-b324-b4bc239794a8.maf.gz,37,37
26f70d72-362e-451f-a363-20aa0180af66.maf.gz,67,63
27339583-7def-4e33-a49e-f1fb4708f427.maf.gz,65,63
27aa82e2-0a8c-43c0-bc89-9f071cce278c.maf.gz,55,53
29ee4dcc-2384-4803-8b68-3d6c43721a72.maf.gz,64,63
2a055c39-d774-46eb-8377-8ebc4d53632c.maf.gz,64,60
2c443cf0-f68e-475c-b068-468b8373ec05.maf.gz,91,85
2df12676-9f01-4c6f-ab71-bc0361ded3f9.maf.gz,37,36
2e2bc46b-82c5-449d-bffc-241bd9899ed5.maf.gz,69,63
300211d2-44ab-4a79-a26f-95f05bf4c1a4.maf.gz,88,65
300bbdde-ec44-4e36-90f3-af22a109e3f5.maf.gz,15,15
321d0b53-2d86-489f-b3c5-445850aa12f8.maf.gz,87,80
322b687e-d4fa-4487-b59e-463c87d336f4.maf.gz,65,64
3264085f-1be7-4919-bfb2-e41ef256286c.maf.gz,15,15
3276f8ba-625d-44a2-9342-3ae895c1c80b.maf.gz,112,72
330520f8-dc9f-43d5-aad1-4268d9aad144.maf.gz,84,79
33485a89-8af0-43d6-b627-264ac90b9bb9.maf.gz,98,95
33952b8e-74d7-483c-b84b-4b71a9cc586c.maf.gz,32,30
35275073-7f36-49eb-876d-8fcf581378d7.maf.gz,34,33
35d63751-7306-4f81-83ff-2d5c37d6ee12.maf.gz,98,90
36ad595b-6ee6-4ee4-b4fe-17dac6149f7a.maf.gz,32,29
379d8213-27fa-47d5-a361-c88ea3249220.maf.gz,59,50
381258bf-7787-44fa-ae9c-a764e625d768.maf.gz,98,94
388b3879-6f72-43e3-b4a5-19309808fbe4.maf.gz,74,73
38c3188d-6a13-404e-8c41-0f11ff3a8fe3.maf.gz,87,83
39bc8e0a-7e9d-4d5e-b0cc-3c3a5d3cba6d.maf.gz,59,57
3a155b4a-5656-4626-b84b-3840d60bc08c.maf.gz,75,73
3a9008c6-a4f6-4893-9c12-3d798a1a0d27.maf.gz,63,62
3a922b8a-c15a-4623-814a-e54ede09339c.maf.gz,85,85
3aff228f-7ce7-42bc-a0a8-bb1e6279d16f.maf.gz,94,58
3b3fe35e-dca3-4690-bb70-e26e15bf4b42.maf.gz,63,61
3b47c841-0c15-4866-9c88-7935b4768f29.maf.gz,52,50
3b7c651c-4c61-4e55-a2ec-9750b2b8b3ad.maf.gz,92,87
3ba7d3a9-8984-4c85-8d76-a6ded3a78223.maf.gz,63,60
3dfcf466-38aa-4c8f-beae-e4eba6cfa4ca.maf.gz,76,72
3dffde20-6af0-47b0-9ff1-dbe52d973174.maf.gz,59,57
3e46c7ee-20a0-4555-8a69-efa59d673b72.maf.gz,61,60
3ee7bf22-d609-484f-a270-435e7a910cea.maf.gz,72,71
3f70a963-4852-4ee0-87e4-71046603b63d.maf.gz,24,23
4000d8fa-3f11-4a3e-9eff-8a020db39ecf.maf.gz,18,16
41ef6378-0647-4574-a255-600e7355e402.maf.gz,47,47
421c309b-8906-4896-9d3c-6fc4aca2cdb6.maf.gz,73,72
43253774-95e8-4967-983e-6c6500ea219b.maf.gz,63,62
443c35d7-e199-49d8-b2f7-2e0e4fc2eb9a.maf.gz,69,44
444e14e0-a6fd-494e-bbcd-22dc1c676158.maf.gz,58,55
45ba29c4-93cb-4a31-9994-956f0e209f7c.maf.gz,70,69
470d22dd-b96f-451c-942c-0d873f5ecbcf.maf.gz,81,79
47fdbeba-e2db-4645-96fc-a344e8b45f60.maf.gz,46,45
487c7329-c5ca-4921-954a-5347082144b4.maf.gz,32,29
48fc7957-a80c-484e-a1af-f6ac751a870a.maf.gz,53,53
490001eb-233e-4f34-a1a9-85c7f1d2c5b0.maf.gz,20,20
495ce163-b509-443b-b0f9-5c8881d7adcc.maf.gz,59,56
49d88609-b367-478a-a30d-b1a68be69027.maf.gz,53,53
4b1abb13-ebed-4ced-9ccb-b967a30136f9.maf.gz,47,44
4b3337f8-7d53-455e-afe3-5a0f6378150d.maf.gz,41,37
4b53a053-6f6f-4af2-a1ef-24f78cf00bd6.maf.gz,71,69
4bc11add-ec18-4fc3-a77c-7a380e63d12f.maf.gz,51,48
4bdd25b1-f5b8-4b6b-8acd-d44154ae44bf.maf.gz,90,86
4c1a7bd3-c494-4c79-acc1-9bab05524d9c.maf.gz,35,34
4c74c4aa-bae0-47e8-afc8-7fce4b2ed72b.maf.gz,62,60
4cc566d5-6edd-4b05-a283-96ba8aebaaf9.maf.gz,54,45
4d84afad-3610-4dbf-935e-7e2af10887ae.maf.gz,100,95
4d9c992e-858c-4635-9bfd-6c8cfa499e87.maf.gz,67,64
4dae418b-0691-429a-9f78-56b52c812c2e.maf.gz,57,56
4de58545-568a-4f9b-ae77-c9a5b9bc6161.maf.gz,75,70
4ebacb5d-3778-4923-b871-b1ce7a849bdf.maf.gz,56,55
4f118894-652d-4ba4-b109-60e741dffc8b.maf.gz,55,50
4f4c30a2-cc49-4993-b861-8a1c3c38020f.maf.gz,1167,1162
4fb5d2c0-4c3b-4f6b-ace9-6fb918623a8e.maf.gz,61,59
5051a15b-c08f-43ae-8b2d-e1f41b74a5a2.maf.gz,60,59
52120fe0-d881-4d57-a0d0-904792697462.maf.gz,68,46
523e6728-6954-4f10-9ca3-2beb93a00eaa.maf.gz,62,59
5287d32b-dccd-4e98-8bd8-cfb2db0e1149.maf.gz,62,60
52d7f132-edd2-4592-81af-7c638a01b49b.maf.gz,44,38
531e9f35-4b1d-43b3-abbf-9f055996a733.maf.gz,39,38
5442f31d-8273-4f6c-aa47-72b5b0cbb198.maf.gz,52,50
5466be78-b711-4c31-b2ca-913ffe75fbf2.maf.gz,70,68
548fcdcc-9713-4fc5-b91c-19971426cb12.maf.gz,45,39
54904499-a62d-4501-a4ea-044340a35284.maf.gz,110,107
549673a1-ffd5-4018-8c3d-1da6cada340e.maf.gz,52,48
550e98a3-df48-47a7-8e28-d652ba87f796.maf.gz,51,47
55a52a05-a004-49d1-8518-f93777499ea1.maf.gz,68,65
5658815c-0a91-42cd-9b3e-b88765db50ed.maf.gz,71,53
56cd0c03-cc81-402f-b725-034f0906e116.maf.gz,58,56
56dd93b9-a8db-4b37-9a09-35a977fc6636.maf.gz,56,51
574b1c64-de0a-43f8-82fa-50722ef99c7e.maf.gz,97,96
5971903c-b88a-4848-bd4a-47ed0347e8a3.maf.gz,92,89
59cf743e-2e9d-4828-ba83-3bbf1e230962.maf.gz,48,48
5a6289cb-5343-41ad-a992-05a5e3314a0a.maf.gz,68,66
5aaa6f2e-d192-4b5d-afb4-e60bfa0c64e8.maf.gz,75,72
5c54653d-200f-43c1-bdf9-44cdc687ab57.maf.gz,64,63
5ce1ed90-035b-4289-a7e2-e23b7ec571d5.maf.gz,52,47
5d0799f7-43b6-4321-93bd-313fde9f010f.maf.gz,357,352
5dadaf79-98f2-45ed-a944-62df84b9ce8f.maf.gz,43,41
5f2ab765-06a8-4071-abdd-43955592a655.maf.gz,70,63
60ba3a2b-e2b1-4fd2-9511-fba63245639f.maf.gz,60,55
60be0185-e60d-4d88-b7d5-e1ba22ef928a.maf.gz,55,55
615a2810-bb54-4bac-834e-4a07ed36e1bc.maf.gz,53,52
6168b1f3-8ebc-464d-af0c-01e85c82c96b.maf.gz,59,58
6169a6ba-4f56-427e-845b-b3ced5ae150d.maf.gz,33,30
61f9881e-d373-48b0-b1bf-dada749fa2f8.maf.gz,49,46
62738274-1ebe-463d-806f-f472c4d08293.maf.gz,55,54
637c1b5f-db7e-4784-a469-2482a2466874.maf.gz,84,81
63a8bde0-97ff-4baa-8cc5-96a3ee8d913a.maf.gz,63,59
63fbb9a5-d153-48d0-8be9-60db3c39e595.maf.gz,35,35
646aef9e-a618-43e7-8b1e-277cda66efac.maf.gz,40,39
660ecea7-71bd-41af-9004-98a2a14785c6.maf.gz,63,60
6687e812-0842-4985-aaec-25be8f0582f4.maf.gz,77,69
66b08835-b79f-480b-a475-1f0d23d01217.maf.gz,74,70
6727a27f-b9fd-4c23-848c-23acd50c9724.maf.gz,102,99
6751daba-2b0f-418a-b1eb-58fd9330369e.maf.gz,52,48
67fe3e80-70c3-4452-a3d7-0851e010ed9e.maf.gz,67,60
687c664e-9f6c-42e3-98c3-12d9010675bd.maf.gz,15,15
690a5936-5f30-48b6-b9c9-6e192aa414d7.maf.gz,37,36
6a15ce9c-18d5-479f-b0d7-ad313c68741f.maf.gz,62,59
6b46c429-8a24-4156-ba12-66d592b83c97.maf.gz,58,57
6b5d4411-63ed-42dd-95fa-cd55b7c168ce.maf.gz,71,68
6bdda52a-52a2-4147-bd6f-f7c86ede2a88.maf.gz,65,57
6e407da3-12c4-4fe6-80cc-d213a72088cb.maf.gz,21,20
6e454eca-1765-45b7-be47-89ed656717ee.maf.gz,51,50
6e8dd681-42b0-4569-91b0-2b7da64845fa.maf.gz,63,61
6f560343-1ad3-4e32-a581-a6871b6fa612.maf.gz,60,55
6fd169e5-a79b-405f-8c4e-b20a03d8a4a9.maf.gz,47,47
70102d73-26b4-4978-92e1-9dc84b20e115.maf.gz,121,119
704eff30-2fa2-4e1d-a547-30558683e9b0.maf.gz,65,55
7087c9cf-3f02-4823-b7fe-f40e5ae84cad.maf.gz,55,51
70bc66e7-bb86-4c9c-93ad-e8c3b91477e3.maf.gz,52,51
712ed64e-c763-4741-8fdc-a0b0f5c542fe.maf.gz,70,69
71fc7244-33c9-4e24-b9f7-cb5a68449298.maf.gz,29,27
7296556a-d904-4a9f-a863-040e36379fb1.maf.gz,74,70
73fe0425-d669-4f44-b1f5-7724049331d5.maf.gz,43,41
74551f2b-cd10-4434-816f-49ab375e930e.maf.gz,80,68
75b37359-9796-4291-bfb0-5dcd60fabb7c.maf.gz,102,91
7682e0ce-e404-4c3e-acd2-126d5c7f57e9.maf.gz,50,49
768ad713-cad3-4fbf-84b6-41974aabb872.maf.gz,80,77
76aba3c0-a81a-4f85-abe9-e02484fdf857.maf.gz,38,38
77386e4e-8e68-4074-b043-3f083522e990.maf.gz,56,56
78271628-3f5a-4b99-a1e4-ccfd1fbdc2f8.maf.gz,103,99
78333a0f-2bd0-4d4f-b726-2dfa75fcc9de.maf.gz,91,87
7a94d2da-c8fd-483a-a1d3-4887eee51f40.maf.gz,53,49
7abc238e-2980-4638-98be-11df3ea12736.maf.gz,115,109
7b732dc5-7957-4828-968d-028f80b8adfd.maf.gz,78,70
7bb0a596-b16d-4456-8777-5644b9945708.maf.gz,72,69
7cbef184-20d5-4055-815d-78c5e20e9e32.maf.gz,27,27
7cff630c-060e-4542-b25e-a0308c0a7ac3.maf.gz,31,29
7ecedf92-8532-410c-b656-f92a90551c14.maf.gz,64,60
7f1428fe-002e-4394-b60e-9af1049fa583.maf.gz,54,48
808c2c8e-3355-4738-8904-d8b83be771cb.maf.gz,68,67
80d1a4e0-d6be-4289-b174-76e56bcb1950.maf.gz,81,77
8116383b-2bdc-43d8-ab24-e31790988e47.maf.gz,83,80
81829065-6f06-4493-902a-8bd716d764b0.maf.gz,60,58
82413c0b-31b3-4a81-b470-ba7c7b1d5c53.maf.gz,48,47
82414dc1-c28d-40da-9cdb-71f6c19a5044.maf.gz,55,52
830157d1-4b29-4766-ae58-9a4de26e3eff.maf.gz,71,57
8336c6af-ead1-487d-b435-a03c975da54e.maf.gz,70,69
83cba63a-ed43-434e-ab3e-7731d5485415.maf.gz,54,54
85395525-14b6-44aa-998d-9f2cbc0797bf.maf.gz,62,59
85d307c7-1f44-48f2-8905-208394d4eb88.maf.gz,82,79
8620a956-df26-43be-a00a-be75192167b6.maf.gz,63,61
863745a2-1fe2-47b6-bba7-63eaf68b66ce.maf.gz,100,94
865ea30d-9fdb-4999-8007-d8e09e639d38.maf.gz,63,61
8669f0e9-fdaf-49d8-ae2f-7970c9b3bf77.maf.gz,73,72
8755916d-6481-4ca2-a5f4-5c542c7e5c93.maf.gz,62,58
884d91e4-587c-404b-8464-5ff48cf943ec.maf.gz,57,51
885ab22d-4674-4647-a31d-9501d23d5828.maf.gz,51,49
8a3d3c86-da43-4101-baf2-b7ee2c52a471.maf.gz,82,78
8ba65fea-e5aa-4560-ab7d-d86d25c699fe.maf.gz,77,62
8bc61d46-10ae-424a-9a1f-bcbb8f72a716.maf.gz,41,37
8dc78176-3091-4ff9-84df-437a0197b342.maf.gz,34,32
8de11478-834a-42f0-ab0b-090d06b12b8d.maf.gz,126,121
8e323af2-20b1-4fcb-b5df-313d504a0f57.maf.gz,31,30
8e9c7c74-8713-4244-adfa-11f7f9054754.maf.gz,62,56
90d0cbc4-ce38-47ce-a99d-2f3021aee987.maf.gz,47,43
910c26fb-e184-4cce-b956-061e3ceeec92.maf.gz,65,63
91c1b5cc-a131-417e-bfe3-8b29e7b63c0d.maf.gz,65,63
923df8d2-fcdb-4596-9132-f72b2ff913aa.maf.gz,62,58
927c2f24-7d49-4532-9e3a-82319af8b926.maf.gz,82,72
92bcfa52-461e-4f8e-803f-bf914b5bfbd0.maf.gz,90,86
935f45b4-5061-40e9-952e-9b402a535685.maf.gz,42,41
9371b8de-e9b6-4392-b1dd-bc85a5881cb5.maf.gz,43,42
93cc0e41-08c7-4bd9-a910-3fafb9deadf8.maf.gz,66,65
94b019d9-8165-4c00-a5db-8cbc5f8bd4d2.maf.gz,89,78
95560c2c-9a9c-4cb4-9cdd-50fbd03f3265.maf.gz,56,53
95811b8d-1aff-4820-a9a2-5c04fa566754.maf.gz,50,44
966b6c18-c83e-4400-8b65-a6025b6dbbaa.maf.gz,28,27
97a040ad-48f0-4579-b812-47e08f0bfb5f.maf.gz,63,58
97b8d9ce-1c3f-4086-a2e2-87e9fc94777c.maf.gz,86,84
99c228a0-02df-46f2-a095-68e72e53b159.maf.gz,15218,15171
9b68ee94-38a4-440f-b8d2-f73e5be5e364.maf.gz,52,50
9bcd45ef-9e0f-45ac-af5f-2fdfd4227503.maf.gz,90,62
9bfc590f-8fd6-4a9c-88e0-081d7fafef44.maf.gz,67,64
9d535616-d2a2-443a-bc0f-e496a23e387f.maf.gz,84,78
9d651d40-d8f4-453d-b69d-6d7acaef57d3.maf.gz,90,85
9e447a67-1599-4a0d-9311-cb9651f15bdd.maf.gz,43,42
9ef716e0-da13-4464-b552-86067534f62d.maf.gz,63,60
a06e4fa4-9887-4a0c-acab-99b0aa63794e.maf.gz,56,54
a079e690-4318-4b3e-bf51-7c1d55700dbc.maf.gz,56,52
a1b4de36-90e2-45b4-b4b7-7df6cce21def.maf.gz,87,81
a3c600d0-a324-45de-bdba-02f441515da6.maf.gz,50,48
a3d17660-244f-49f4-99fb-1510b99cb6b4.maf.gz,38,37
a3d7ea4e-dd44-449a-a766-217f6fd215f3.maf.gz,79,75
a3ea7a9f-7859-47bd-8288-04d5915ced86.maf.gz,55,54
a46c5c7b-7c96-47b0-bfd9-a5a30cd99ee6.maf.gz,85,81
a489e954-de4b-4be5-8805-2e81fb3f2652.maf.gz,57,48
a49f969a-d956-42fb-b61e-299f64000dbb.maf.gz,57,56
a53c752a-f6b8-4e0c-993f-732b9128bf50.maf.gz,53,52
a5401e43-fa8c-4765-88a1-c5bd0dc20b37.maf.gz,208,196
a5686190-7ff9-421e-abf6-e30c45d38535.maf.gz,105,99
a5d28348-c7cc-4e1c-a7bf-962c328d3d77.maf.gz,122,93
a6324d34-baf0-456d-a40d-7f5504e0630d.maf.gz,37,36
a6bfa06b-e42f-4c1e-9e07-2b3a7f28905e.maf.gz,65,63
a7280605-858e-4595-82db-e7508d9a8f57.maf.gz,199,196
a836c839-cd3f-442a-9bdb-33e4e59b4ade.maf.gz,50,48
a84008d1-f3b6-43f3-b60a-52c13c6bc4bb.maf.gz,35,33
a8b91887-6067-409a-a9c3-f40d84f7a1fb.maf.gz,38,36
a9c9f82a-92d3-4efb-a5ef-e5527e4bb9ed.maf.gz,53,53
a9e4beea-4851-43dd-bbba-58139b6bc034.maf.gz,88,59
a9e9f0cd-4bcf-4f78-b4bb-88ec6174295b.maf.gz,57,57
aa29f2d7-b5fd-4c81-bdce-63df0c102c0c.maf.gz,45,41
aa3557b6-96ee-4e78-8c8d-e1a7d81df44a.maf.gz,64,60
aa35bff0-d512-4012-91b7-1757d531c654.maf.gz,69,67
aaa65ead-b512-4aab-b69a-64c904603c96.maf.gz,42,41
aabb9bae-83c0-4076-948f-ff5f4631af58.maf.gz,58,55
ac305450-994f-47e3-9196-341b3e8f21f3.maf.gz,46,43
ac6480bd-d570-45a4-8592-fee769363dd6.maf.gz,51,48
ac9bf788-25ee-4d1c-902a-3d00a8e61cfb.maf.gz,68,64
ad7776f0-f4c1-4275-abc8-02fb19ff6df6.maf.gz,98,85
ad893105-43cd-4ae8-bf96-4597e2eb1922.maf.gz,113,112
ae44838b-6db1-421d-b7b4-aee7a7933985.maf.gz,101,97
af29cb03-921e-40ff-a81b-55f0a0d25ac5.maf.gz,36,34
aff5eda3-29ea-41ad-9867-8f97b83593fa.maf.gz,12,12
b0e8e380-5777-4f65-89ff-fd91e58a6cdf.maf.gz,34,28
b0fed6aa-f40e-4092-a061-a8697dbb40db.maf.gz,80,78
b1e9ee87-fe9c-4e8c-8e45-3dbbb4b2e0d8.maf.gz,89,88
b25dc783-1dac-420f-b90c-5845e2e3996f.maf.gz,45,44
b29551e7-e05c-4a3b-b65d-2df3535bf0a4.maf.gz,80,77
b2effc6a-808e-4ed2-8b2d-f768167f24c6.maf.gz,89,75
b376b8c8-e62a-48e6-b943-090e3610c14a.maf.gz,56,54
b39c8875-5612-4ef5-9f9b-c78a72b01ea6.maf.gz,36,34
b3d93020-5118-4a15-9f91-c6923819ecfb.maf.gz,50,46
b423aa19-49ba-435c-9e91-339069c75ed2.maf.gz,91,90
b42cf2f6-b675-45e2-9f0a-5a9a0f836c92.maf.gz,51,46
b4591111-97c2-4606-9c99-e928ec4728a3.maf.gz,63,59
b4896a6c-3156-4948-bed8-68df6efb4120.maf.gz,64,59
b49b766f-5865-4715-a1e2-c513f9e45c81.maf.gz,41,35
b4df06fc-288f-4ba3-a17b-8f278bcff1f6.maf.gz,57,53
b55319e9-2dd7-4ef4-803f-6e2651cc5299.maf.gz,66,62
b586a5f4-47f0-4583-b725-4076fde0efc9.maf.gz,60,57
b6ccb27d-4af1-42f9-a2ea-d5fdf8127830.maf.gz,193,187
b730dd94-2a2d-4fef-9bf7-d3ee4b5c2003.maf.gz,68,63
b77d6cc4-83b0-4292-9e17-3b93be126eed.maf.gz,55,54
b918ab6e-cfec-40e8-af6e-fdaabfe04148.maf.gz,38,35
ba239c50-70bd-47fc-9390-fd41c803a5ca.maf.gz,61,58
ba398aa0-52ca-43c4-8ea8-d3774333ef30.maf.gz,65,64
ba3d4162-e515-4791-8370-ddadef99e1bf.maf.gz,53,52
bc444bb7-6254-4a11-9fc0-0b4324020927.maf.gz,35,33
bcba526f-1416-4f49-8a3e-bd04af0c49f9.maf.gz,42,40
bcf0f482-a35f-45da-be4b-e3773c11c106.maf.gz,68,66
bd9365e1-55cb-455e-a23b-7cbabb9e1e52.maf.gz,107,99
bd9988c2-3c4a-4601-89c8-2f4202663841.maf.gz,56,53
bed6e03a-d800-48d3-a1df-fb39f1c70aae.maf.gz,72,72
beef6d8f-5519-4002-9159-b17977a383e6.maf.gz,63,59
bf03b827-8f2e-4e3b-a8e9-c39c549ae2a7.maf.gz,73,70
bf7c0694-20b7-473d-b28f-0940878a3af7.maf.gz,48,41
bf84ce29-6631-43bc-979b-426350d89d95.maf.gz,71,71
bf9d54fb-5e3d-4d5e-b978-469a3d08ebf9.maf.gz,87,86
bffc3787-ea5a-4648-b9a3-2c073e0a9f86.maf.gz,52,50
c096fc52-ada4-4592-9407-773816340d21.maf.gz,85,82
c10d784f-5c6d-49c2-ac73-fdc65efbcdb3.maf.gz,43,40
c119d8f6-4bc9-40b5-83c3-6558dc5fe50d.maf.gz,63,57
c1791fc4-2217-4b61-b9db-9a5881646512.maf.gz,72,69
c18b9858-b318-4a68-bf8d-b517b1c0c40f.maf.gz,68,67
c1be172c-a97d-4ca0-b355-fd7dce713853.maf.gz,90,88
c1bed8e7-37a4-497c-9aee-4a37d51fb492.maf.gz,45,44
c1d0ab2d-3330-4816-a710-be6d38d43be5.maf.gz,63,63
c21dda6d-51c2-46d7-89f5-016bd8a9d674.maf.gz,70,69
c231c1a3-e5e8-4aed-93db-edeb2d563aa3.maf.gz,54,51
c24e2723-b3c7-4240-a19c-2c50b62c9a91.maf.gz,46,45
c2ba3a0e-2743-4e83-be36-2350e30e62ff.maf.gz,60,52
c2cc4832-6263-490b-bb5a-43db4ef13eac.maf.gz,51,50
c2e54cc7-fc3f-4928-9675-25e245e2c5d4.maf.gz,42,39
c3581ef2-1b14-4694-8da7-3f9243fb01af.maf.gz,29,28
c3c62150-6ee9-4ebd-b86b-9acce8d00999.maf.gz,66,63
c47801c6-baf7-47ef-91eb-7ed3e0c45ccb.maf.gz,40,38
c504b477-f051-43ed-bb74-5cd185caefb3.maf.gz,60,60
c5e59a22-4518-4085-8316-860c1cbe5f4c.maf.gz,52,50
c6d99347-e742-4b55-9ee9-9659e6de4445.maf.gz,63,61
c6e42df2-7ffd-46ce-955b-afe46a4f3d02.maf.gz,70,70
c6f474a2-2efd-4097-aaa8-86cf9becf5c4.maf.gz,58,54
c6f68649-ee2d-4400-9b02-ae02f705c73a.maf.gz,49,42
c6fafca8-a2ca-4e8e-9257-68bbda4232dc.maf.gz,60,55
c70b1e23-66db-46d3-9c94-33cf2acfbb5c.maf.gz,74,73
c74b245d-010c-4ce7-8506-0e821c2408f8.maf.gz,31,31
c99ec1f7-f635-4de5-8abc-8d7a790f6944.maf.gz,71,67
ca16ba46-fd07-4438-991c-7dd08efec0e7.maf.gz,49,48
ca831040-5eef-4f3b-aef4-5f84f247cd6a.maf.gz,65,64
cad1584c-d5d0-40ec-8825-8d5af56de233.maf.gz,38,38
cb1975ee-20dc-4492-b04d-ab1c1c36a66d.maf.gz,52,52
cbb82ca3-8ba5-4d07-b99f-218ab36ac16f.maf.gz,90,84
cbd4aa41-f366-4093-b6e4-28aea63e83c7.maf.gz,98,94
cbffd96e-9ca7-4dea-be05-52fe81ada415.maf.gz,41,39
cd21f58c-a710-48b5-b69b-788575d80a33.maf.gz,680,676
cd827e34-1dc9-4b86-bd2e-6b437db18cdf.maf.gz,21,15
cda09677-0dcf-4b94-8187-a1d5da6edd7b.maf.gz,54,52
cebdfb08-9319-42df-942f-bee38568fc06.maf.gz,37,35
cf243734-2c6a-4d55-9b84-5700cd205e6d.maf.gz,21,19
cf45355c-a557-4f8b-8fdd-dadc157d4bb9.maf.gz,28,25
cf4c4b30-5a6e-4a6c-9a20-70c44a1b54a4.maf.gz,77,75
d0d495a4-1503-45bc-a683-b9a296c7d3a3.maf.gz,51,50
d10addf6-d7d0-479a-98c4-0f832fd8f3ab.maf.gz,65,62
d1957b91-5a12-45d4-b9d4-b42384255d7e.maf.gz,76,73
d1c7b272-3f64-42d1-9bab-02d590a8796b.maf.gz,87,83
d21805b6-f571-42e2-ada1-4bbb8d85a143.maf.gz,39,38
d2eece18-dbed-49d3-b855-f7201e716e2f.maf.gz,57,49
d336cd05-a1a9-4d61-af68-a8ac23bb63a9.maf.gz,70,67
d387d308-e492-48d4-b5cc-090713697338.maf.gz,713,655
d3b13f3b-c426-4c7b-874d-5f1508e9ddd9.maf.gz,91,86
d57980e1-b5f5-4dcc-80f8-dcf44e4a8662.maf.gz,92,92
d643a472-6934-4272-9bd0-6bd0c3160477.maf.gz,61,60
d6d7c809-48fa-45a0-970b-eae2a4d91d5c.maf.gz,69,66
d75c53b6-1182-4c14-ac35-218c79eb71b2.maf.gz,34,30
d768978e-7ff1-4324-89ef-f39018a3cfae.maf.gz,55,53
d7b171dc-eafe-43da-8df6-a909cfd362b2.maf.gz,56,54
d82fdd83-9bbf-4624-80d9-2776b3c46432.maf.gz,93,91
d8510831-55df-4406-864f-7c9b5281fea8.maf.gz,58,57
d85839ef-a9ff-48f1-b5db-6df4bdff9aa0.maf.gz,77,73
d94721a7-f052-4faa-9011-df22db6e9996.maf.gz,92,69
d9530104-a89a-48ea-8e46-7d3b8fe40a12.maf.gz,45,44
da144c59-a31d-454f-9285-4f0cf3ed9ab6.maf.gz,68,64
dab48baf-bd1f-46e6-9cce-c11f986fd629.maf.gz,66,64
db06dd9b-c160-4fb4-8640-e4d2f57f39c2.maf.gz,38,36
db1fbb5b-b437-40de-b0a8-acfe3e05ea84.maf.gz,89,86
db364504-f4c0-43d5-bd7f-059bdfb9fe95.maf.gz,81,77
dc8ee3a4-493b-482b-84a1-7ca4d592a4c7.maf.gz,52,52
dc8ff953-cc9f-4971-adcd-4836e8d492bc.maf.gz,64,62
dcbb3ad7-7f0f-4b89-bbbf-b7ab6ae0243a.maf.gz,52,48
dd603750-0393-4824-a240-8ed0747a72ef.maf.gz,34,30
de358404-0967-4b3c-a13f-4e7ce52395c9.maf.gz,45,42
de70eeab-850f-4cce-8695-9159b3cb29ca.maf.gz,61,52
dfb8bb92-e443-4e2b-b8ee-3d3de0c2e019.maf.gz,61,54
e11848f3-ddcd-49df-a69e-2d0f65afb805.maf.gz,62,60
e1990526-90a1-446a-adc8-c0f49db04bd7.maf.gz,57,55
e26969fe-c820-43c4-8059-9127218fcce0.maf.gz,165,153
e3ab8a16-2459-4e96-9053-943ed49bc494.maf.gz,55,54
e4073a90-f543-4905-a94a-1186af54ab91.maf.gz,117,106
e42ccfda-6013-4890-ad94-5c838fb8d211.maf.gz,41,38
e4b23974-99df-4788-bdc3-947dab6b1e19.maf.gz,55,50
e4ff48bd-6763-4932-bd57-61c9f885765a.maf.gz,77,76
e59d3c7c-5d95-4cd1-96c5-071f5cbb3c30.maf.gz,53,49
e5d8e2ad-ee3d-4a33-95ce-a6facf515968.maf.gz,36,36
e70abc35-c771-4c74-b5b2-c4cbd54928ef.maf.gz,53,53
e78edf3e-3748-4417-8c9e-2c8d7764a38d.maf.gz,52,49
e7c6957d-567c-41e0-a3a2-7d852eabad76.maf.gz,97,90
e8820161-b06d-4cdc-8622-c3a7fcab6449.maf.gz,51,51
e8b1e3e0-25ce-4403-a7db-dff72f6a0edb.maf.gz,113,88
ea9a935d-5d90-4ff9-ac1c-eec243a4aafa.maf.gz,34,32
eb0a970c-3704-4a31-966c-f9a086ab1351.maf.gz,48,45
eb746c48-50c7-47cf-a977-fb09ecb95dd1.maf.gz,46,44
eb84d4d0-423a-4d66-a5c8-41b287f623f8.maf.gz,50,43
ecb7a505-fa82-41a8-ad31-2b30537152db.maf.gz,77,77
ecda772b-48b7-49d8-92c1-6248a72f9454.maf.gz,27,27
ede4ff1e-dca1-4683-bd65-dcfe3cc5ef77.maf.gz,18,17
ee83bb3f-daf1-4a97-8e85-3987848ed0a1.maf.gz,46,45
eec60af6-0783-4ad2-99f4-8cbc0489871e.maf.gz,33,31
ef04461d-ec6b-45f4-af97-311f5a0f782e.maf.gz,25,22
ef4c96cc-d305-4629-b0da-61aac5772c0b.maf.gz,45,43
f05dd6d7-ba10-407e-81dd-59ab5f36346a.maf.gz,68,66
f14d1676-cfce-4c9f-ac3d-c2f9ee305777.maf.gz,16,16
f201f479-0995-4a24-9fa3-c771d3ff57b6.maf.gz,36,33
f2c2e294-b401-44dc-8e4a-cb5294320a02.maf.gz,68,64
f2d1c09e-d1f2-4b33-818e-834176663a19.maf.gz,80,62
f40cccd7-de14-4295-86b7-aa8a318b0bbd.maf.gz,41,37
f4840a9e-4c0d-4aff-9d39-7e646868ef4f.maf.gz,65,62
f4bdefab-e3fd-4b5d-be2e-051c4f648673.maf.gz,52,50
f53f587f-42f0-4d8b-8a4e-05247ca98f43.maf.gz,54,50
f5ea864b-48c9-48f1-b05b-076377bc0b48.maf.gz,85,80
f5f3be64-9d6f-46f4-8bcc-fbf79828d223.maf.gz,41,40
f6fc7704-fe43-4d46-ab9e-7d80c5ecad67.maf.gz,27,26
f760d0c4-e490-4c96-aa4f-9b217b2646c8.maf.gz,35,30
f77ec1a9-fce2-45c4-99d1-2229e945b414.maf.gz,69,66
f79f3ad9-df99-4a9f-b928-6e0243c9b8b9.maf.gz,46,46
f8d68fb9-a686-4af0-8d70-2087458e4596.maf.gz,50,49
fa27a283-77da-4e5b-9d9a-91c53144172c.maf.gz,56,53
fa361fc3-4377-4193-aad0-3690d3e6d8eb.maf.gz,54,54
fa5c54fa-00e6-45e8-b53b-65e61f4720bd.maf.gz,61,55
fbcb4dfc-b83d-4752-befc-f39e0cec02ba.maf.gz,168,152
fca0a4d1-d666-415e-9aed-315be5b0f5da.maf.gz,78,73
fcdfa3d7-efac-4f18-88cc-45a11267278c.maf.gz,56,54
fd467ad2-3e0e-4ba6-8f52-dccd210ef0f2.maf.gz,86,66
fd58f0a1-0534-485c-8e8b-4dd02b591e46.maf.gz,58,55
fe25ecca-4ea3-4aa8-a573-6eade92b5b45.maf.gz,43,43
fe362363-09b0-419f-847b-9d14f412e4d4.maf.gz,26,22
ff5c8b99-45a0-4ef4-b7a4-e35726bef117.maf.gz,83,77
ffa4c2fc-7937-4a47-a622-e88e90683055.maf.gz,72,67
