substitution,n_variants,n_artifacts,artifact_rate,mean_probability
C>A,5048,3323,0.6582805071315373,0.7113964467074732
G>T,4967,3251,0.6545198308838333,0.705682633691104
T>G,1044,622,0.5957854406130269,0.6536154929071573
A>C,963,572,0.5939771547248183,0.6582418797810423
G>C,944,546,0.5783898305084746,0.6410174741842495
C>G,945,543,0.5746031746031746,0.631426266817263
T>A,823,472,0.5735115431348724,0.6338278199308245
T>C,2375,1355,0.5705263157894737,0.641578097564809
A>T,800,452,0.565,0.629576198879577
A>G,2406,1359,0.5648379052369077,0.6443278447542335
C>T,16348,8965,0.5483851235625153,0.614467834567526
G>A,16501,8717,0.5282710138779468,0.5951670537568658
